Date,HDFC,HUL,TATA STEEL,RELIANCE,NIFITY
30-07-2018,1416.849976,1688.699951,55.299999,1140.588379,11319.54981
31-07-2018,1434.199951,1731.650024,56.305,1174.863525,11356.5
01-08-2018,1446.150024,1734.300049,55.580002,1181.153809,11346.2002
02-08-2018,1430.25,1748.5,55.43,1157.37915,11244.7002
03-08-2018,1433.599976,1763,55.445,1165.898438,11360.79981
06-08-2018,1431.900024,1730.300049,55.325001,1181.401489,11387.09961
07-08-2018,1427.050049,1730.050049,57.314999,1173.080322,11389.4502
08-08-2018,1462.050049,1757.150024,57.75,1206.265747,11450
09-08-2018,1466.300049,1754.199951,58.595001,1206.513428,11470.7002
10-08-2018,1485.699951,1752.699951,57.669998,1192.892578,11429.5
13-08-2018,1485.150024,1728.849976,56.880001,1176.547485,11355.75
14-08-2018,1502.150024,1744.25,57.895,1199.232422,11435.09961
16-08-2018,1509.900024,1737.400024,56.755001,1189.524536,11385.04981
17-08-2018,1511.699951,1784.75,58.014999,1192.446777,11470.75
20-08-2018,1493.050049,1777,59.939999,1223.304321,11551.75
21-08-2018,1470.349976,1752.5,58.215,1235.48877,11570.90039
23-08-2018,1465.800049,1772.800049,57.165001,1257.529907,11582.75
24-08-2018,1472.849976,1780.949951,57.560001,1265.504272,11557.09961
27-08-2018,1464.849976,1792.300049,58.119999,1279.372803,11691.9502
28-08-2018,1465.099976,1771.199951,59.035,1306.614624,11738.5
29-08-2018,1439.400024,1755.849976,59.419998,1282.047485,11691.90039
30-08-2018,1486.099976,1772.849976,60.834999,1262.48291,11676.79981
31-08-2018,1472.150024,1780.099976,60.049999,1229.990967,11680.5
03-09-2018,1485.5,1699.099976,60.075001,1217.608276,11582.34961
04-09-2018,1495.050049,1651.199951,59.305,1230.288086,11520.29981
05-09-2018,1489.349976,1611.699951,59.439999,1215.478516,11476.9502
06-09-2018,1482.300049,1608.599976,60.029999,1249.55542,11536.90039
07-09-2018,1497.599976,1638.75,61.915001,1266.593994,11589.09961
10-09-2018,1498.599976,1610.300049,61.365002,1244.057617,11438.09961
11-09-2018,1493.550049,1590.650024,59.209999,1226.078003,11287.5
12-09-2018,1513.099976,1626.849976,60.555,1240.739014,11369.90039
14-09-2018,1528.650024,1629.300049,61.5,1241.382935,11515.2002
17-09-2018,1520.699951,1605.449951,61.639999,1214.388794,11377.75
18-09-2018,1492.75,1664.949951,61.275002,1205.720947,11278.90039
19-09-2018,1502.599976,1647.099976,62.119999,1199.381104,11234.34961
21-09-2018,1520.699951,1621.300049,62.514999,1206.067627,11143.09961
24-09-2018,1518.349976,1590.449951,60.77,1220.481079,10967.40039
25-09-2018,1486,1630.849976,60.099998,1219.044678,11067.4502
26-09-2018,1446.150024,1610.75,60.889999,1239.649414,11053.79981
27-09-2018,1426.650024,1620.099976,61.154999,1241.977295,10977.54981
28-09-2018,1413.849976,1608.400024,58.125,1246.137817,10930.4502
01-10-2018,1389.550049,1642.300049,58.32,1220.134399,11008.29981
03-10-2018,1382.349976,1618.849976,57.959999,1193.78418,10858.25
04-10-2018,1421.349976,1573.949951,58.23,1111.712036,10599.25
05-10-2018,1413.199951,1558.550049,56.799999,1039.001343,10316.4502
08-10-2018,1453,1559.349976,55.98,1098.982788,10348.04981
09-10-2018,1437,1512.449951,57.25,1079.814453,10301.04981
10-10-2018,1430.800049,1527.650024,58.365002,1091.751343,10460.09961
11-10-2018,1415,1526.099976,55.514999,1077.585571,10234.65039
12-10-2018,1400.650024,1569.599976,57.650002,1115.97168,10472.5
15-10-2018,1409.800049,1526.300049,57,1129.047729,10512.5
16-10-2018,1393.599976,1546.199951,57.279999,1152.871948,10584.75
17-10-2018,1439,1562,55.465,1140.489258,10453.04981
19-10-2018,1446.550049,1578.400024,55.494999,1090.95874,10303.54981
22-10-2018,1443.849976,1584.900024,54.474998,1052.671753,10245.25
23-10-2018,1458.650024,1552.050049,54.560001,1044.796387,10146.79981
24-10-2018,1448.800049,1585.949951,55.005001,1035.93042,10224.75
25-10-2018,1438.599976,1571.550049,54.575001,1021.120789,10124.90039
26-10-2018,1461.050049,1558.25,55.154999,1035.088379,10030
29-10-2018,1450.900024,1552.900024,57.369999,1077.585571,10250.84961
30-10-2018,1454.400024,1593.050049,56.450001,1047.074829,10198.40039
31-10-2018,1458.699951,1621.699951,55.384998,1051.284912,10386.59961
01-11-2018,1496.699951,1607.650024,55.66,1046.331787,10380.4502
02-11-2018,1513.25,1638.449951,57.404999,1064.806641,10553
05-11-2018,1514.199951,1640.050049,57.744999,1080.062134,10524
06-11-2018,1507.550049,1631.949951,57.575001,1093.732544,10530
07-11-2018,1497.150024,1643.849976,58.025002,1100.270508,10598.40039
09-11-2018,1508.800049,1672.599976,57.220001,1083.182495,10585.2002
12-11-2018,1508.349976,1654.300049,58.285,1069.858765,10482.2002
13-11-2018,1524.75,1671.099976,58.919998,1089.126221,10582.5
14-11-2018,1611.150024,1715.5,58.91,1087.640259,10576.29981
15-11-2018,1615.050049,1706.050049,58.935001,1086.550537,10616.7002
16-11-2018,1619,1689.099976,57.41,1116.813721,10682.2002
19-11-2018,1632.900024,1701.400024,58.240002,1139.201538,10763.40039
20-11-2018,1618.150024,1694,56.330002,1126.719849,10656.2002
21-11-2018,1613.900024,1689.949951,55.139999,1102.449829,10600.04981
22-11-2018,1597.349976,1675.099976,53.965,1092.494263,10526.75
26-11-2018,1595,1744,53.07,1099.329468,10628.59961
27-11-2018,1599.150024,1733.300049,52.23,1117.606201,10685.59961
28-11-2018,1625.150024,1732.199951,52.395,1141.82666,10728.84961
29-11-2018,1617.650024,1768.5,53.355,1157.527832,10858.7002
30-11-2018,1600.25,1754,52.950001,1156.58667,10876.75
03-12-2018,1597.849976,1825.599976,53.810001,1145.590942,10883.75
04-12-2018,1608.449951,1807.650024,53.82,1141.479858,10869.5
05-12-2018,1619.5,1848.099976,51.77,1144.303101,10782.90039
06-12-2018,1607.099976,1801.5,51.02,1113.098877,10601.15039
07-12-2018,1612.949951,1824.300049,50.93,1123.153687,10693.7002
10-12-2018,1611.150024,1795.800049,50.285,1080.012573,10488.4502
11-12-2018,1610.449951,1794.900024,50.075001,1087.244019,10549.15039
12-12-2018,1619.5,1839.099976,52.025002,1100.072388,10737.59961
13-12-2018,1631.050049,1855.550049,51.224998,1096.654785,10791.54981
14-12-2018,1643.75,1860.550049,51.355,1101.75647,10805.4502
17-12-2018,1648.300049,1850.699951,52.400002,1119.290283,10888.34961
18-12-2018,1662.25,1840.75,52.700001,1125.729248,10908.7002
19-12-2018,1631.800049,1844.800049,52.740002,1126.125488,10967.29981
20-12-2018,1639.650024,1834.25,52.334999,1117.853882,10951.7002
21-12-2018,1644.75,1803.5,52.02,1089.869141,10754
24-12-2018,1633.400024,1784.650024,51.369999,1078.922852,10663.5
26-12-2018,1617.599976,1791.599976,51.345001,1088.036499,10729.84961
27-12-2018,1612.050049,1814.900024,50.650002,1109.681274,10779.79981
28-12-2018,1597.650024,1822.050049,51.285,1114.981079,10859.90039
31-12-2018,1629.449951,1819.650024,52.105,1110.721436,10862.54981
01-01-2019,1631.099976,1801.099976,51.575001,1110.473877,10800
02-01-2019,1629.800049,1784.599976,49.365002,1096.010864,10792.5
03-01-2019,1641.300049,1788.400024,48.125,1082.489136,10672.25
04-01-2019,1628.150024,1781.699951,48.764999,1088.33374,10727.34961
07-01-2019,1628.699951,1784.949951,48.549999,1094.376465,10771.79981
08-01-2019,1639.349976,1770.849976,49.134998,1094.277344,10802.15039
09-01-2019,1610.050049,1785,47.919998,1100.320068,10855.15039
10-01-2019,1599.699951,1786.199951,48.040001,1097.100586,10821.59961
11-01-2019,1594.400024,1769.400024,47.419998,1087.739258,10794.9502
14-01-2019,1597.5,1763.900024,47.084999,1086.501099,10737.59961
15-01-2019,1568.300049,1789.849976,47.505001,1119.042603,10886.79981
16-01-2019,1590.900024,1772.550049,47.455002,1125.233887,10890.29981
17-01-2019,1599.400024,1751.5,47.314999,1123.797485,10905.2002
18-01-2019,1600.650024,1744.099976,47.064999,1173.229004,10906.9502
21-01-2019,1585.300049,1746.900024,47.169998,1226.078003,10961.84961
22-01-2019,1608.900024,1750.199951,45.654999,1223.552002,10922.75
23-01-2019,1637.300049,1767.199951,46.459999,1214.785034,10831.5
24-01-2019,1644.099976,1759.5,46.075001,1235.73645,10849.79981
25-01-2019,1660.949951,1756.800049,45.290001,1234.300049,10780.54981
28-01-2019,1673.099976,1743,44.57,1218.004517,10661.54981
29-01-2019,1695.5,1756.699951,44.380001,1199.281982,10652.2002
30-01-2019,1648.650024,1733.349976,46.744999,1184.472412,10651.79981
31-01-2019,1615.800049,1763.25,47.669998,1215.627075,10830.9502
01-02-2019,1614.150024,1799.300049,47.470001,1238.213013,10893.65039
04-02-2019,1603.5,1802.599976,47.605,1278.778442,10912.25
05-02-2019,1627.550049,1821.449951,46.470001,1279.422363,10934.34961
06-02-2019,1603.349976,1829.949951,48.509998,1297.946777,11062.4502
07-02-2019,1658.800049,1839.050049,48.904999,1278.283203,11069.40039
08-02-2019,1651.75,1817.300049,46.875,1265.702393,10943.59961
11-02-2019,1654.199951,1804.800049,48.07,1241.481934,10888.79981
12-02-2019,1654,1794.5,48.740002,1244.602417,10831.40039
14-02-2019,1650.550049,1785.050049,48.255001,1212.704712,10746.04981
15-02-2019,1657.099976,1772.800049,46.75,1232.764648,10724.40039
18-02-2019,1658.349976,1751.900024,46.555,1208.643311,10640.9502
19-02-2019,1673.699951,1737.949951,47.095001,1204.680786,10604.34961
20-02-2019,1670.300049,1733.5,49.115002,1222.759521,10735.4502
21-02-2019,1664.25,1754.699951,49.884998,1235.19165,10789.84961
22-02-2019,1655.900024,1768.550049,50.23,1220.778198,10791.65039
25-02-2019,1640.349976,1770.150024,50.509998,1220.72876,10880.09961
26-02-2019,1646.5,1772.25,50.360001,1208.79187,10835.29981
27-02-2019,1614.199951,1736.5,50.709999,1212.011353,10806.65039
28-02-2019,1603.25,1732.650024,50.044998,1219.490479,10792.5
01-03-2019,1588.949951,1734.650024,50.759998,1214.537354,10863.5
05-03-2019,1592.900024,1724.599976,52.174999,1226.028442,10987.4502
06-03-2019,1599.599976,1699.800049,52.084999,1252.923584,11053
07-03-2019,1598.050049,1705.400024,52.115002,1258.322388,11058.2002
08-03-2019,1584.449951,1701.599976,50.785,1255.201904,11035.40039
11-03-2019,1615.900024,1714.949951,52.064999,1291.854492,11168.04981
12-03-2019,1627.300049,1734.800049,52.514999,1318.848633,11301.2002
13-03-2019,1630.550049,1747.599976,51.375,1334.648804,11341.7002
14-03-2019,1630.699951,1737.300049,51.764999,1328.952881,11343.25
15-03-2019,1588.650024,1698.400024,51.544998,1309.239746,11426.84961
18-03-2019,1568.550049,1697.550049,52.52,1337.373047,11462.2002
19-03-2019,1564.349976,1699.650024,52.75,1363.624146,11532.40039
20-03-2019,1541.900024,1687.550049,51.360001,1362.534546,11521.04981
22-03-2019,1551.900024,1678.050049,51.84,1329.151001,11456.90039
25-03-2019,1572.650024,1673.849976,51.514999,1312.013428,11354.25
26-03-2019,1561.75,1683.800049,51.935001,1354.411499,11483.25
27-03-2019,1579.449951,1680.800049,51.580002,1336.580566,11445.04981
28-03-2019,1575.800049,1683.900024,50.630001,1347.229614,11570
01-04-2019,1563.150024,1690,53.514999,1378.780518,11669.15039
02-04-2019,1560.650024,1687.150024,53.064999,1376.650757,11713.2002
03-04-2019,1567.449951,1670.800049,53.544998,1362.286865,11643.9502
04-04-2019,1580.199951,1666.550049,53.064999,1340.344849,11598
05-04-2019,1587.800049,1659.099976,54.93,1341.18689,11665.9502
08-04-2019,1609.550049,1664.900024,54.904999,1316.768311,11604.5
09-04-2019,1610.550049,1680.5,55.305,1321.919556,11671.9502
10-04-2019,1653.75,1694.150024,54.439999,1318.898193,11584.29981
11-04-2019,1666.349976,1710.400024,53.57,1334.153564,11596.7002
12-04-2019,1658.449951,1721.650024,53.365002,1330.488281,11643.4502
15-04-2019,1663.300049,1722.050049,55.314999,1327.56604,11690.34961
16-04-2019,1684.900024,1738.550049,55.325001,1331.132202,11787.15039
18-04-2019,1692.449951,1739.900024,54.310001,1372.935913,11752.79981
22-04-2019,1666.650024,1739.849976,53.419998,1332.717163,11594.4502
23-04-2019,1659.599976,1744.199951,52.334999,1351.043457,11575.9502
24-04-2019,1665.699951,1752.599976,52.525002,1376.452637,11726.15039
25-04-2019,1671.900024,1734.199951,51.075001,1359.513184,11641.79981
26-04-2019,1674.599976,1747.349976,54.525002,1379.721558,11754.65039
30-04-2019,1688.150024,1757.699951,55.720001,1379.721558,11748.15039
02-05-2019,1664.150024,1723.550049,55.494999,1391.856567,11724.75
03-05-2019,1671.800049,1693.550049,54.779999,1395.62085,11712.25
06-05-2019,1681,1668.900024,53.595001,1371.895752,11598.25
07-05-2019,1687.599976,1697.5,53.060001,1330.884521,11497.90039
08-05-2019,1687.25,1688.699951,52.264999,1287.248169,11359.4502
09-05-2019,1693.150024,1703.75,51.915001,1244.651978,11301.79981
10-05-2019,1727.800049,1687.449951,48.68,1239.401733,11278.90039
13-05-2019,1625.650024,1702,47.23,1220.481079,11148.2002
14-05-2019,1644.449951,1698.5,46.955002,1248.61438,11222.04981
15-05-2019,1644.5,1671.050049,46.294998,1245.097778,11157
16-05-2019,1652.099976,1688.199951,46.924999,1253.468384,11257.09961
17-05-2019,1653.199951,1736.800049,46.945,1255.499146,11407.15039
20-05-2019,1667.800049,1772.5,48.380001,1313.449829,11828.25
21-05-2019,1675.800049,1785.25,47.255001,1327.219238,11709.09961
22-05-2019,1647.300049,1768.300049,47.299999,1327.813599,11737.90039
23-05-2019,1638.449951,1753.849976,46.470001,1321.374634,11657.04981
24-05-2019,1645,1749.599976,48.415001,1324.296997,11844.09961
27-05-2019,1646.900024,1771.949951,51.255001,1298.343018,11924.75
28-05-2019,1641.050049,1776.900024,50.705002,1311.319946,11928.75
29-05-2019,1637.199951,1780.849976,49.330002,1300.720459,11861.09961
30-05-2019,1615.800049,1784.25,48.794998,1317.263672,11945.90039
31-05-2019,1609.599976,1788.5,48.830002,1317.659912,11922.79981
03-06-2019,1615.800049,1839.699951,49.764999,1347.427734,12088.54981
04-06-2019,1635.5,1815.599976,49.764999,1338.958008,12021.65039
06-06-2019,1636.75,1837.75,48.459999,1314.88623,11843.75
07-06-2019,1610.849976,1830.75,48.209999,1302.553101,11870.65039
10-06-2019,1604,1852.5,48.605,1306.763184,11922.7002
11-06-2019,1606.5,1839.800049,49.25,1316.669312,11965.59961
12-06-2019,1604.400024,1847.099976,50.584999,1319.641113,11906.2002
13-06-2019,1599.400024,1845.5,50.255001,1314.787109,11914.04981
14-06-2019,1607.699951,1822.949951,50.18,1305.178223,11823.29981
17-06-2019,1608.699951,1818.050049,47.310001,1270.259155,11672.15039
18-06-2019,1610.599976,1809.599976,47.23,1268.971436,11691.5
19-06-2019,1600.800049,1811.699951,49.41,1265.355713,11691.4502
20-06-2019,1603.5,1805.050049,50.099998,1284.573486,11831.75
21-06-2019,1601.75,1766.650024,49.764999,1267.485474,11724.09961
24-06-2019,1582.050049,1764.449951,48.625,1250.546021,11699.65039
25-06-2019,1602.75,1756.449951,49.799999,1283.682007,11796.4502
26-06-2019,1604.150024,1761,51.060001,1281.997925,11847.54981
27-06-2019,1607.5,1774.400024,51.07,1262.185791,11841.54981
28-06-2019,1635.599976,1787.599976,50.439999,1241.333374,11788.84961
01-07-2019,1643.599976,1780.199951,50.695,1256.935547,11865.59961
02-07-2019,1643.5,1789.199951,50.880001,1266.494873,11910.29981
03-07-2019,1635.550049,1784.699951,51.029999,1270.506836,11916.75
04-07-2019,1658.599976,1793.599976,49.529999,1271.943237,11946.75
05-07-2019,1658.599976,1791.400024,47.834999,1251.487183,11811.15039
08-07-2019,1701.400024,1753.550049,46.805,1240.293213,11558.59961
09-07-2019,1719.800049,1740.25,46.845001,1268.079834,11555.90039
10-07-2019,1728.199951,1718.599976,45.48,1266.841553,11498.90039
11-07-2019,1673.300049,1730.900024,46.200001,1269.516235,11582.90039
12-07-2019,1675,1713.199951,47.290001,1268.476074,11552.5
15-07-2019,1660.400024,1716.949951,46.830002,1264.117432,11588.34961
16-07-2019,1656.449951,1741.300049,47.669998,1280.858765,11662.59961
17-07-2019,1648.400024,1760.699951,47.57,1269.813477,11687.5
18-07-2019,1632.949951,1739.150024,46.66,1250.001221,11596.90039
19-07-2019,1641.099976,1720.400024,45.805,1237.271851,11419.25
22-07-2019,1644.5,1680.699951,46.555,1268.476074,11346.2002
23-07-2019,1678.900024,1693.349976,45.985001,1261.591431,11331.04981
24-07-2019,1677.5,1728.650024,44.599998,1247.2771,11271.29981
25-07-2019,1685.099976,1736.650024,44.035,1219.936279,11252.15039
26-07-2019,1688.75,1730.650024,44.549999,1202.402466,11284.29981
29-07-2019,1675.75,1713.300049,43.345001,1199.579224,11189.2002
30-07-2019,1678.400024,1719.900024,41.505001,1169.811401,11085.40039
31-07-2019,1696.599976,1726.650024,43.205002,1155.29895,11118
01-08-2019,1690.699951,1731.300049,42,1169.16748,10980
02-08-2019,1673.150024,1737.449951,40.91,1173.229004,10997.34961
05-08-2019,1643.5,1741.199951,39.924999,1132.613892,10862.59961
06-08-2019,1094.550049,1744.099976,40.16,1117.705322,10948.25
07-08-2019,1092,1777.25,38.189999,1098.982788,10855.5
08-08-2019,1116.574951,1803.099976,36.740002,1141.529419,11032.4502
09-08-2019,1141,1841.349976,36.235001,1151.187866,11109.65039
13-08-2019,1110.175049,1824.75,34.869999,1262.780151,10925.84961
14-08-2019,1114.724976,1839.050049,36.465,1276.15332,11029.40039
16-08-2019,1113.849976,1828.650024,36.305,1265.999634,11047.79981
19-08-2019,1103.425049,1820.900024,35.955002,1280.462524,11053.90039
20-08-2019,1110.300049,1843.400024,35.825001,1263.968872,11017
21-08-2019,1112.925049,1850,34.299999,1259.015747,10918.7002
22-08-2019,1087.050049,1872.099976,33.369999,1235.042969,10741.34961
23-08-2019,1081.349976,1860,34.525002,1263.869751,10829.34961
26-08-2019,1128.074951,1876.550049,33.805,1254.904785,11057.84961
27-08-2019,1129.974976,1861.400024,35.09,1262.87915,11105.34961
28-08-2019,1123.75,1828.099976,33.695,1251.437622,11046.09961
29-08-2019,1113.474976,1832.949951,33.555,1230.089966,10948.29981
30-08-2019,1113.974976,1881.900024,34.490002,1236.826172,11023.25
03-09-2019,1105.474976,1841.849976,33.139999,1195.071899,10797.90039
04-09-2019,1123.875,1846.599976,33.924999,1189.871216,10844.65039
05-09-2019,1117.574951,1829.75,34.514999,1187.345215,10847.90039
06-09-2019,1122.949951,1819.150024,35.540001,1211.020752,10946.2002
09-09-2019,1124.800049,1834.050049,35.380001,1210.723511,11003.04981
11-09-2019,1125.650024,1824.300049,36.705002,1222.80896,11035.7002
12-09-2019,1135.425049,1805.400024,36.505001,1198.984863,10982.79981
13-09-2019,1128.724976,1805.550049,36.735001,1214.091675,11075.90039
16-09-2019,1122.074951,1816.300049,36.110001,1199.381104,11003.5
17-09-2019,1105.675049,1831.199951,34.494999,1186.205933,10817.59961
18-09-2019,1093.875,1829.199951,35.825001,1194.37854,10840.65039
19-09-2019,1101.050049,1812.75,34.465,1167.97876,10704.79981
20-09-2019,1199.599976,1969.75,36.855,1242.571655,11274.2002
23-09-2019,1257.25,2039.75,37.735001,1227.563965,11600.2002
24-09-2019,1253.800049,2050.449951,37.080002,1266.692993,11588.2002
25-09-2019,1239.699951,2051.5,36.205002,1267.535034,11440.2002
26-09-2019,1242.5,2034.400024,37.575001,1284.623047,11571.2002
27-09-2019,1244.199951,2010.900024,35.965,1296.758057,11512.40039
30-09-2019,1227.449951,1981.949951,36.049999,1319.740234,11474.4502
01-10-2019,1248.800049,1990.300049,35.154999,1292.646973,11359.90039
03-10-2019,1223.550049,1962.050049,33.959999,1298.739258,11314
04-10-2019,1189.699951,1944.199951,33.310001,1295.816895,11174.75
07-10-2019,1186.900024,1940.050049,32.48,1297.798218,11126.40039
09-10-2019,1228.150024,1948,33.645,1312.310547,11313.29981
10-10-2019,1200.550049,1968.75,32.994999,1349.953735,11234.54981
11-10-2019,1198.800049,2004.650024,33.900002,1339.899048,11305.04981
14-10-2019,1204.400024,2014.25,34.485001,1345.248413,11341.15039
15-10-2019,1223.050049,2064.399902,34.919998,1351.340698,11428.29981
16-10-2019,1221.099976,2071,34.740002,1359.463623,11464
17-10-2019,1220,2103.850098,35.610001,1383.386841,11586.34961
18-10-2019,1229,2106.850098,35.959999,1403.050537,11661.84961
22-10-2019,1239.300049,2127.350098,35.450001,1400.871094,11588.34961
23-10-2019,1241.599976,2133.25,35.619999,1379.325317,11604.09961
24-10-2019,1236.099976,2133.350098,35.990002,1422.961792,11582.59961
25-10-2019,1229,2145.100098,36.224998,1417.760986,11583.90039
27-10-2019,1237.699951,2139.75,36.5,1420.782349,11600
29-10-2019,1242.5,2160.199951,39.02,1453.274414,11786.84961
30-10-2019,1248.349976,2169.399902,38.799999,1465.211304,11844.09961
31-10-2019,1230.349976,2175.350098,38.055,1450.599731,11877.4502
01-11-2019,1240.050049,2179.350098,39.950001,1443.219727,11890.59961
04-11-2019,1236.849976,2158.149902,40.915001,1443.962646,11941.29981
05-11-2019,1239.5,2172.149902,40.395,1433.709839,11917.2002
06-11-2019,1256.650024,2179.449951,40.445,1421.42627,11966.04981
07-11-2019,1263.699951,2138.25,40.310001,1444.903809,12012.04981
08-11-2019,1255.599976,2086.399902,39.794998,1431.926758,11908.15039
11-11-2019,1264.75,2081.350098,40.145,1414.392944,11913.4502
13-11-2019,1257.550049,2091,39.790001,1458.475098,11840.4502
14-11-2019,1273.900024,2069.050049,39.195,1449.014771,11872.09961
15-11-2019,1277.900024,2057.699951,39.450001,1457.038696,11895.4502
18-11-2019,1262.050049,2056.199951,41.005001,1445.498169,11884.5
19-11-2019,1271.900024,2037.75,40.174999,1495.573486,11940.09961
20-11-2019,1273.349976,2026.5,39.869999,1533.117554,11999.09961
21-11-2019,1283.349976,2048.649902,38.509998,1523.161987,11968.40039
22-11-2019,1264.75,2028.349976,40,1531.978394,11914.40039
25-11-2019,1271.099976,2062.399902,41.950001,1546.887085,12073.75
26-11-2019,1275.050049,2058.350098,42.415001,1545.599243,12037.7002
27-11-2019,1278.400024,2093.25,42.134998,1555.109131,12100.7002
28-11-2019,1265.300049,2087.149902,43.209999,1565.460938,12151.15039
29-11-2019,1274.949951,2035.300049,42.75,1536.584717,12056.04981
02-12-2019,1265.75,2043.199951,42.084999,1571.602783,12048.2002
03-12-2019,1255.400024,2028.449951,39.965,1564.074097,11994.2002
04-12-2019,1251.650024,2048,40.93,1538.120117,12043.2002
05-12-2019,1245.599976,2037.449951,39.98,1536.287476,12018.40039
06-12-2019,1246.050049,2026.050049,40.325001,1540.299561,11921.5
09-12-2019,1242.949951,2008.150024,40.669998,1557.833252,11937.5
10-12-2019,1249.5,2025.349976,40.205002,1547.283325,11856.79981
11-12-2019,1248.75,2010.449951,40.555,1547.729126,11910.15039
12-12-2019,1263.599976,2007.349976,41.869999,1553.474609,11971.79981
13-12-2019,1263.849976,2006.199951,42.84,1568.036621,12086.7002
16-12-2019,1257.349976,1974.75,42.099998,1551.889648,12053.9502
17-12-2019,1271.099976,1961.349976,43.939999,1548.026245,12165
18-12-2019,1292.349976,1928.550049,44.474998,1561.052734,12221.65039
19-12-2019,1288.800049,1951.099976,44.674999,1594.832642,12259.7002
20-12-2019,1296.699951,1943.099976,46.099998,1584.084473,12271.79981
23-12-2019,1302.400024,1950.400024,46.215,1556.644531,12262.75
24-12-2019,1289.150024,1946.400024,46.299999,1531.928833,12214.54981
26-12-2019,1270.449951,1944.949951,46.790001,1501.17041,12126.54981
27-12-2019,1275,1949.900024,46.950001,1527.86731,12245.79981
30-12-2019,1282.150024,1937.25,47.474998,1529.699951,12255.84961
31-12-2019,1272.099976,1923,47.205002,1499.83313,12168.4502
01-01-2020,1278.599976,1936.550049,46.775002,1495.424927,12182.5
02-01-2020,1286.75,1938.050049,48.485001,1520.883545,12282.2002
03-01-2020,1268.400024,1927.449951,48.369999,1522.716187,12226.65039
06-01-2020,1240.949951,1915.449951,47.325001,1487.400879,11993.04981
07-01-2020,1260.599976,1920.699951,47.610001,1510.284058,12052.9502
08-01-2020,1257.300049,1929.349976,47.525002,1498.941528,12025.34961
09-01-2020,1271.400024,1935.050049,48.314999,1533.464233,12215.90039
10-01-2020,1282.699951,1954,48.619999,1533.117554,12256.79981
13-01-2020,1286,1994.849976,49.575001,1529.204712,12329.54981
14-01-2020,1289.5,2008.800049,49.860001,1515.03894,12362.29981
15-01-2020,1284.25,2021.650024,50.209999,1509.541016,12343.29981
16-01-2020,1287.650024,2049.25,49.439999,1523.459106,12355.5
17-01-2020,1278.150024,2060.300049,49.525002,1566.154419,12352.34961
20-01-2020,1254.900024,2062.850098,49.064999,1517.961304,12224.54981
21-01-2020,1244.349976,2055.399902,47.615002,1519.496704,12169.84961
22-01-2020,1240.849976,2051.699951,47.505001,1518.951904,12106.90039
23-01-2020,1244.849976,2056.899902,48.025002,1512.512939,12180.34961
24-01-2020,1244.550049,2073.699951,48.34,1507.262695,12248.25
27-01-2020,1213.199951,2061.350098,46.244999,1492.403564,12119
28-01-2020,1223.199951,2060.600098,44.625,1457.930298,12055.79981
29-01-2020,1235.849976,2074.199951,45.220001,1465.954224,12129.5
30-01-2020,1226.050049,2058.100098,44.855,1430.193237,12035.79981
31-01-2020,1226.300049,2034.25,43.869999,1398.394653,11962.09961
03-02-2020,1192.800049,2178.949951,43.605,1372.490112,11707.90039
04-02-2020,1229.800049,2155.600098,45.189999,1413.006104,11979.65039
05-02-2020,1244.650024,2160.300049,47.505001,1434.89856,12089.15039
06-02-2020,1239.800049,2156.399902,47.759998,1444.111328,12137.9502
07-02-2020,1242.199951,2159.949951,47.099998,1420.187988,12098.34961
10-02-2020,1240.300049,2159.300049,44.380001,1422.119751,12031.5
11-02-2020,1240.599976,2152.649902,44.41,1439.108643,12107.90039
12-02-2020,1249,2260.350098,44.794998,1456.493896,12201.2002
13-02-2020,1241.400024,2283.399902,44.125,1460.307739,12174.65039
14-02-2020,1219.349976,2255.050049,43.455002,1473.63147,12113.4502
17-02-2020,1217.150024,2252.600098,43.685001,1464.369263,12045.79981
18-02-2020,1213.25,2234.399902,43.139999,1453.621094,11992.5
19-02-2020,1227.199951,2292.149902,43.32,1489.679321,12125.90039
20-02-2020,1217.099976,2248.25,44.355,1471.996948,12080.84961
24-02-2020,1209.949951,2215.149902,41.544998,1431.381958,11829.40039
25-02-2020,1200.300049,2233.600098,42.130001,1403.099976,11797.90039
26-02-2020,1199.25,2236.199951,41.630001,1378.929077,11678.5
27-02-2020,1199.449951,2254.949951,41.279999,1373.233154,11633.29981
28-02-2020,1177.650024,2174.75,38.174999,1316.17395,11201.75
02-03-2020,1179.599976,2159.449951,36.404999,1303.791382,11132.75
03-03-2020,1181.800049,2166.649902,38.755001,1330.240601,11303.29981
04-03-2020,1148.849976,2175.850098,37.715,1327.120239,11251
05-03-2020,1151.349976,2218,37.575001,1298.838257,11269
06-03-2020,1134.900024,2188.899902,35.150002,1259.065308,10989.4502
09-03-2020,1107.300049,2121.5,32.23,1103.68811,10451.4502
11-03-2020,1113.800049,2155,29.975,1142.71814,10458.40039
12-03-2020,1021.299988,2055.949951,28.745001,1053.018433,9590.150391
13-03-2020,1069.800049,2033.199951,32.669998,1094.921265,9955.200195
16-03-2020,999.5,1941.900024,28.959999,1006.162598,9197.400391
17-03-2020,975.099976,2004.050049,28.275,998.534912,8967.049805
18-03-2020,876.900024,1923.800049,28.084999,959.405762,8468.799805
19-03-2020,895.549988,1838.300049,27.184999,909.082825,8263.450195
20-03-2020,882.849976,2051.699951,29.775,1008.391479,8745.450195
23-03-2020,771.549988,1869.699951,27.115,875.748779,7610.25
24-03-2020,767.700012,2027.849976,27.190001,934.541504,7801.049805
25-03-2020,856.75,2088.149902,28.68,1072.087646,8317.849609
26-03-2020,901.099976,2194.899902,28.445,1056.188354,8641.450195
27-03-2020,904.450012,2140.550049,27.725,1055.593994,8660.25
30-03-2020,831.650024,2184.350098,25.405001,1020.774109,8281.099609
31-03-2020,861.900024,2298.5,26.959999,1103.29187,8597.75
01-04-2020,829.650024,2179.649902,26.635,1070.304565,8253.799805
03-04-2020,813.849976,2154.100098,25.375,1067.332764,8083.799805
07-04-2020,896.099976,2444.899902,27.620001,1194.77478,8792.200195
08-04-2020,888.900024,2460.850098,27.475,1180.955688,8748.75
09-04-2020,925.049988,2372.25,28.485001,1208.494629,9111.900391
13-04-2020,895.349976,2346.449951,28.254999,1177.983887,8993.849609
15-04-2020,863.299988,2487.550049,28.514999,1139.052856,8925.299805
16-04-2020,879.75,2436.100098,28.889999,1157.082031,8992.799805
17-04-2020,910.299988,2385,29.334999,1212.506592,9266.75
20-04-2020,944.849976,2336.550049,28.639999,1232.120728,9261.849609
21-04-2020,921.650024,2317.399902,26.594999,1225.731323,8981.450195
22-04-2020,928.599976,2386.149902,26.834999,1350.795776,9187.299805
23-04-2020,954.950012,2317.5,27.030001,1358.027222,9313.900391
24-04-2020,938.049988,2283.100098,26.754999,1403.694336,9154.400391
27-04-2020,929.700012,2320.449951,27.165001,1416.324707,9282.299805
28-04-2020,931.400024,2289.949951,27.355,1414.739624,9380.900391
29-04-2020,977.099976,2231.75,28.264999,1413.550903,9553.349609
30-04-2020,1001.799988,2195,29.83,1452.234253,9859.900391
04-05-2020,923,2082.649902,27.360001,1421.723511,9293.5
05-05-2020,911.450012,2041.5,27.264999,1446.934448,9205.599609
06-05-2020,946.400024,2010.199951,27.775,1447.033569,9270.900391
07-05-2020,925,1992.050049,27.584999,1492.799805,9199.049805
08-05-2020,929.049988,2089.449951,27.290001,1547.134766,9251.5
11-05-2020,915.799988,2048,27.620001,1561.993896,9239.200195
12-05-2020,901.549988,2011.550049,27.395,1465.359863,9196.549805
13-05-2020,927.650024,1995.75,27.655001,1496.449951,9383.549805
14-05-2020,893.700012,2006.050049,26.855,1435.949951,9142.75
15-05-2020,888.150024,2032.099976,27.344999,1459.400024,9136.849609
18-05-2020,836.650024,2005.25,26.66,1440.75,8823.25
19-05-2020,830.650024,1975.550049,27.200001,1408.900024,8879.099609
20-05-2020,857.099976,1990.849976,28.32,1433.699951,9066.549805
21-05-2020,859.549988,1970.900024,28.370001,1441.25,9106.25
22-05-2020,838.849976,1987.900024,27.445,1431.550049,9039.25
26-05-2020,852.400024,1977.800049,28.045,1424.050049,9029.049805
27-05-2020,903.650024,1998.099976,28.795,1445.550049,9314.950195
28-05-2020,945.25,2009.949951,29.549999,1472.25,9490.099609
29-05-2020,951.650024,2057.350098,29.52,1464.400024,9580.299805
01-06-2020,987.650024,2108.550049,31.52,1520.349976,9826.150391
02-06-2020,1001,2107.399902,31.940001,1535.699951,9979.099609
03-06-2020,1022.25,2120.5,31.74,1541.650024,10061.54981
04-06-2020,1001.700012,2120.600098,31.995001,1579.800049,10029.09961
05-06-2020,1033.349976,2087.600098,33.895,1581.699951,10142.15039
08-06-2020,1015.900024,2111.699951,33.360001,1569.5,10167.4502
09-06-2020,987.299988,2106.5,33.220001,1537.150024,10046.65039
10-06-2020,991.849976,2119.600098,32.400002,1572.150024,10116.15039
11-06-2020,968.599976,2106.899902,31.315001,1537.699951,9902
12-06-2020,982.75,2107.25,31.76,1588.800049,9972.900391
15-06-2020,949.849976,2084.300049,30.620001,1614.550049,9813.700195
16-06-2020,990.400024,2076.350098,30.895,1617.699951,9914
17-06-2020,979.25,2078.25,30.82,1615.349976,9881.150391
18-06-2020,1019.950012,2065.350098,31.809999,1655.900024,10091.65039
19-06-2020,1033.349976,2092.75,32.055,1759.400024,10244.40039
22-06-2020,1028.75,2100.800049,32.57,1746.150024,10311.2002
23-06-2020,1042.300049,2155.949951,33.200001,1720.900024,10471
24-06-2020,1032.5,2130.300049,32.605,1727.849976,10305.29981
25-06-2020,1028.75,2173.149902,32.310001,1717.900024,10288.90039
26-06-2020,1056.449951,2154.199951,32.384998,1741.650024,10383
29-06-2020,1076.050049,2182.949951,32.084999,1723.150024,10312.40039
30-06-2020,1065.849976,2180,32.669998,1704.099976,10302.09961
01-07-2020,1084.599976,2170.399902,32.369999,1737.599976,10430.04981
02-07-2020,1089.400024,2151.75,33.490002,1760.349976,10551.7002
03-07-2020,1073.949951,2173.699951,32.990002,1787.900024,10607.34961
06-07-2020,1103,2161.600098,33.889999,1851.800049,10763.65039
07-07-2020,1105.150024,2154.149902,33.029999,1823.449951,10799.65039
08-07-2020,1110.349976,2186.050049,33.419998,1798,10705.75
09-07-2020,1124.949951,2175.850098,34.450001,1824.25,10813.4502
10-07-2020,1105.099976,2223.800049,33.869999,1878.050049,10768.04981
13-07-2020,1080.25,2265.25,34.209999,1935,10802.7002
14-07-2020,1058.849976,2234.75,33.665001,1917,10607.34961
15-07-2020,1053.150024,2275.149902,33.93,1844,10618.2002
16-07-2020,1062.550049,2287.850098,34.165001,1843.400024,10739.9502
17-07-2020,1098.449951,2334.550049,35.095001,1911.699951,10901.7002
20-07-2020,1133.050049,2330.949951,35.240002,1919.900024,11022.2002
21-07-2020,1138.550049,2318,35.915001,1971.550049,11162.25
22-07-2020,1126.349976,2248.5,35.005001,2004,11132.59961
23-07-2020,1130.400024,2211.350098,35.189999,2057.800049,11215.4502
24-07-2020,1119.099976,2209.300049,34.610001,2146.149902,11194.15039
27-07-2020,1079.5,2221.5,35.285,2156.199951,11131.79981
28-07-2020,1086.650024,2242.550049,35.849998,2177.699951,11300.54981
29-07-2020,1064.599976,2231.300049,37.375,2096.649902,11202.84961
30-07-2020,1050.650024,2195.600098,36.66,2108.850098,11102.15039
31-07-2020,1032.800049,2209.899902,36.630001,2067.100098,11073.4502
03-08-2020,1002,2204.5,37.349998,2009,10891.59961
04-08-2020,1041.650024,2197.800049,37.224998,2150.600098,11095.25
05-08-2020,1027.550049,2194.550049,39.580002,2126.449951,11101.65039
06-08-2020,1040.699951,2220.449951,40.044998,2134.100098,11200.15039
07-08-2020,1043.849976,2210.550049,40.404999,2146.449951,11214.04981
10-08-2020,1050.650024,2206.75,41.02,2119.850098,11270.15039
11-08-2020,1066.650024,2210.649902,41.645,2133.800049,11322.5
12-08-2020,1063.699951,2195.100098,41.450001,2127.600098,11308.40039
13-08-2020,1059.050049,2198.649902,41.310001,2122.050049,11300.4502
14-08-2020,1034.449951,2173.899902,41.849998,2113.800049,11178.40039
17-08-2020,1032.75,2196.050049,42.505001,2091.350098,11247.09961
18-08-2020,1056.5,2214.350098,43.450001,2118.550049,11385.34961
19-08-2020,1066.599976,2193.600098,43.169998,2131.550049,11408.40039
20-08-2020,1059,2185.699951,43.259998,2097.050049,11312.2002
21-08-2020,1085.650024,2202.050049,42.884998,2081.850098,11371.59961
24-08-2020,1117.050049,2194.399902,42.950001,2095.75,11466.4502
25-08-2020,1119.699951,2179.100098,42.400002,2082.100098,11472.25
26-08-2020,1118.449951,2182.800049,42.5,2137.300049,11549.59961
27-08-2020,1112.099976,2171.25,42.685001,2110.600098,11559.25
28-08-2020,1114.5,2151.949951,42.419998,2116.149902,11647.59961
31-08-2020,1115.849976,2117.350098,41.299999,2080.699951,11387.5
01-09-2020,1127.300049,2161.649902,42.865002,2087.25,11470.25
02-09-2020,1134.150024,2141.649902,43.865002,2128.199951,11535
03-09-2020,1130.900024,2139.149902,43.810001,2112.100098,11527.4502
04-09-2020,1119.300049,2124.649902,42.130001,2077.25,11333.84961
07-09-2020,1110.5,2162.600098,42.25,2082.649902,11355.04981
08-09-2020,1112.449951,2142.25,40.509998,2107.100098,11317.34961
09-09-2020,1096.5,2132.25,41.740002,2161.350098,11278
10-09-2020,1090.550049,2133.899902,40.799999,2314,11449.25
11-09-2020,1078.650024,2159.25,40.75,2319.75,11464.4502
14-09-2020,1057.949951,2123.5,40.465,2302.550049,11440.04981
15-09-2020,1070.5,2124.449951,40.525002,2318.850098,11521.79981
16-09-2020,1093.650024,2143.5,40.459999,2324.550049,11604.54981
17-09-2020,1083.599976,2128.199951,39.869999,2298.75,11516.09961
18-09-2020,1057.300049,2098.699951,39.549999,2305.699951,11504.9502
21-09-2020,1049.300049,2037.800049,37.34,2255.850098,11250.54981
22-09-2020,1035.400024,2026.800049,37.415001,2211.149902,11153.65039
23-09-2020,1047.25,2052.550049,36.130001,2230.800049,11131.84961
24-09-2020,1030.400024,2060.899902,34.389999,2181.199951,10805.54981
25-09-2020,1044,2079.050049,35.209999,2201.699951,11050.25
28-09-2020,1054.199951,2063.300049,36.099998,2216.25,11227.54981
29-09-2020,1062.550049,2033.199951,37.005001,2245.050049,11222.40039
30-09-2020,1078.599976,2068.25,35.974998,2234.350098,11247.54981
01-10-2020,1106.949951,2095,36.494999,2225.25,11416.9502
05-10-2020,1114.349976,2111.050049,38.23,2212.199951,11503.34961
06-10-2020,1144.099976,2115.899902,37.740002,2210.350098,11662.40039
07-10-2020,1162.25,2139.350098,37.110001,2257.5,11738.84961
08-10-2020,1191.800049,2160.800049,37.365002,2239.25,11834.59961
09-10-2020,1233.550049,2139.649902,36.950001,2233.449951,11914.2002
12-10-2020,1213.650024,2138.399902,37.110001,2237.050049,11930.9502
13-10-2020,1198.449951,2138.199951,36.834999,2280.699951,11934.5
14-10-2020,1211.5,2158.149902,37.555,2287.5,11971.04981
15-10-2020,1169.25,2152.550049,37.389999,2206.5,11680.34961
16-10-2020,1199.349976,2150.550049,39.384998,2175.800049,11762.4502
19-10-2020,1203.550049,2177.800049,39.549999,2176.199951,11873.04981
20-10-2020,1223.949951,2173.100098,39.240002,2155.899902,11896.79981
21-10-2020,1246.699951,2163.149902,40.404999,2124.600098,11937.65039
22-10-2020,1233.300049,2179.350098,40.965,2106.949951,11896.4502
23-10-2020,1235.800049,2143.850098,42.345001,2113.050049,11930.34961
26-10-2020,1210.900024,2166.75,40.84,2029.099976,11767.75
27-10-2020,1233.099976,2176.699951,41.099998,2034.5,11889.40039
28-10-2020,1209.599976,2164.350098,40.23,2011.449951,11729.59961
29-10-2020,1187.199951,2122.100098,40.139999,2026.900024,11670.79981
30-10-2020,1183.550049,2071.300049,41.055,2054.5,11642.40039
02-11-2020,1215.25,2072,40.285,1877.449951,11669.15039
03-11-2020,1247.949951,2055.699951,40.689999,1850.400024,11813.5
04-11-2020,1257.400024,2060.050049,40.389999,1913.199951,11908.5
05-11-2020,1269.199951,2102.350098,42.549999,1955,12120.29981
06-11-2020,1307.650024,2094.149902,42.650002,2029.150024,12263.54981
09-11-2020,1340.550049,2132.550049,43.830002,2050.699951,12461.04981
10-11-2020,1393.650024,2136.600098,44.189999,2084.550049,12631.09961
11-11-2020,1389.949951,2131.149902,47.395,1997.199951,12749.15039
12-11-2020,1371.699951,2192.100098,47.314999,1980,12690.79981
13-11-2020,1358.800049,2185.350098,48.654999,1996.400024,12719.9502
14-11-2020,1369.699951,2187.699951,49.220001,2002.300049,12800
17-11-2020,1408.449951,2177.600098,52.27,1993.25,12874.2002
18-11-2020,1408.699951,2132.100098,51.720001,1987.199951,12938.25
19-11-2020,1374.349976,2130.75,52.360001,1973.150024,12771.7002
20-11-2020,1403.650024,2120.25,53.290001,1899.5,12859.04981
23-11-2020,1394.599976,2129.399902,54.310001,1950.699951,12926.4502
24-11-2020,1438.199951,2157.350098,54.830002,1964.050049,13055.15039
25-11-2020,1402.800049,2135.850098,54.125,1947.800049,12858.40039
26-11-2020,1426.650024,2154.199951,56.84,1952.599976,12987
27-11-2020,1440.849976,2138.199951,57.735001,1929.800049,12968.9502
01-12-2020,1433.300049,2133.050049,58.580002,1954.900024,13109.04981
02-12-2020,1406.949951,2139.300049,60.435001,1958.150024,13113.75
03-12-2020,1377.199951,2127.75,62.09,1964.050049,13133.90039
04-12-2020,1385.599976,2184.199951,62.27,1946.75,13258.54981
07-12-2020,1372.25,2256.149902,61.455002,1958.199951,13355.75
08-12-2020,1376.300049,2260,61.345001,1993.75,13392.9502
09-12-2020,1407.199951,2292.199951,60.935001,2026.949951,13529.09961
10-12-2020,1385.849976,2350.449951,61.009998,2007,13478.29981
11-12-2020,1382.800049,2374.75,62.169998,2005.800049,13513.84961
14-12-2020,1372.150024,2370.75,62.674999,1991.300049,13558.15039
15-12-2020,1391.300049,2320.050049,63.535,1974.349976,13567.84961
16-12-2020,1410.699951,2343.949951,64.339996,1976.550049,13682.7002
17-12-2020,1441.800049,2315.300049,63.529999,1985.599976,13740.7002
18-12-2020,1411.349976,2333.449951,63.125,1991.550049,13760.54981
21-12-2020,1372.650024,2305.949951,59.584999,1939.699951,13328.40039
22-12-2020,1373.099976,2311,60.134998,1936.699951,13466.29981
23-12-2020,1375.650024,2370.350098,62.139999,1943.849976,13601.09961
24-12-2020,1397.099976,2402.25,62.23,1994.150024,13749.25
28-12-2020,1412.849976,2388.899902,63.264999,2003.300049,13873.2002
29-12-2020,1427.199951,2384.300049,63.220001,1990.050049,13932.59961
30-12-2020,1432.5,2406.600098,64.044998,1995.5,13981.9502
31-12-2020,1436.300049,2395.399902,64.364998,1985.300049,13981.75
01-01-2021,1425.050049,2387.550049,64.309998,1987.5,14018.5
04-01-2021,1416,2426.5,69.300003,1990.849976,14132.90039
05-01-2021,1426.699951,2450.550049,68.055,1966.099976,14199.5
06-01-2021,1420.550049,2417.300049,68.379997,1914.25,14146.25
07-01-2021,1416.25,2368.850098,72.279999,1911.150024,14137.34961
08-01-2021,1431.650024,2391.199951,71.315002,1933.699951,14347.25
11-01-2021,1451.449951,2429.100098,69.565002,1897.25,14484.75
12-01-2021,1481,2375.899902,69.489998,1957.050049,14563.4502
13-01-2021,1470.650024,2372.350098,70.915001,1938.800049,14564.84961
14-01-2021,1468.75,2398.550049,70.635002,1960.599976,14595.59961
15-01-2021,1466.650024,2351.149902,70.589996,1937.449951,14433.7002
18-01-2021,1483.099976,2332.600098,66.669998,1983.949951,14281.29981
19-01-2021,1503.849976,2363.149902,68.110001,2016.400024,14521.15039
20-01-2021,1492,2355.949951,69.014999,2054.699951,14644.7002
21-01-2021,1474.800049,2367.649902,66.669998,2099.399902,14590.34961
22-01-2021,1443.550049,2409.350098,64.699997,2049.600098,14371.90039
25-01-2021,1462.849976,2399.600098,65.195,1941,14238.90039
27-01-2021,1409.599976,2391.300049,62.599998,1895,13967.5
28-01-2021,1371.449951,2300.399902,62.369999,1876.550049,13817.54981
29-01-2021,1390.5,2263.899902,60.099998,1841.949951,13634.59961
01-02-2021,1476.75,2248.600098,63.610001,1895.300049,14281.2002
02-02-2021,1560.550049,2230.449951,64.165001,1925.800049,14647.84961
03-02-2021,1574.800049,2232.850098,65.315002,1930.650024,14789.9502
04-02-2021,1579.099976,2245.600098,65.595001,1924.300049,14895.65039
05-02-2021,1597.599976,2269.550049,68.504997,1923.75,14924.25
08-02-2021,1605.25,2236.649902,70.294998,1951.449951,15115.79981
09-02-2021,1611.849976,2216.25,69.919998,1956.150024,15109.29981
10-02-2021,1581.75,2235.5,69.025002,1974.300049,15106.5
11-02-2021,1572.349976,2263,69.470001,2055.699951,15173.29981
12-02-2021,1581.949951,2241.550049,68.050003,2041.599976,15163.29981
15-02-2021,1616.599976,2215.199951,67.214996,2032.599976,15314.7002
16-02-2021,1626.650024,2196.100098,69.919998,2059.5,15313.4502
17-02-2021,1586.5,2163.899902,69.68,2083.25,15208.90039
18-02-2021,1554.300049,2146.850098,69.775002,2067.699951,15118.9502
19-02-2021,1539.099976,2181.100098,67.07,2080.300049,14981.75
22-02-2021,1548,2167.600098,68.455002,2008.099976,14675.7002
23-02-2021,1529.150024,2179.25,72.93,2023.449951,14707.79981
24-02-2021,1606.449951,2178.850098,72.769997,2061,14982
25-02-2021,1606.400024,2163.300049,74.290001,2144.350098,15097.34961
26-02-2021,1534.400024,2132.050049,71.514999,2085.800049,14529.15039
01-03-2021,1558.900024,2143.399902,73.040001,2101.699951,14761.54981
02-03-2021,1568.199951,2177.949951,73.550003,2106,14919.09961
03-03-2021,1586.849976,2193.5,77.714996,2202.100098,15245.59961
04-03-2021,1552.050049,2196.899902,75.794998,2175.850098,15080.75
05-03-2021,1530,2201.100098,73.330002,2178.699951,14938.09961
08-03-2021,1519.5,2174.550049,73.724998,2191.100098,14956.2002
09-03-2021,1562.5,2198.5,70.675003,2191.050049,15098.40039
10-03-2021,1555.75,2227.850098,72.449997,2181.949951,15174.79981
12-03-2021,1551.949951,2204.75,71.995003,2137.600098,15030.9502
15-03-2021,1528.650024,2210.850098,73.639999,2108.899902,14929.5
16-03-2021,1512.150024,2244.050049,72.404999,2100.600098,14910.4502
17-03-2021,1495.349976,2226.300049,70.440002,2055.350098,14721.29981
18-03-2021,1491,2215.199951,70.485001,2009.099976,14557.84961
19-03-2021,1497.5,2312.050049,73.300003,2082,14744
22-03-2021,1469.150024,2353.199951,74.349998,2062.399902,14736.40039
23-03-2021,1500.150024,2337.300049,74.114998,2087.5,14814.75
24-03-2021,1478.800049,2318.600098,70.279999,2047.300049,14549.40039
25-03-2021,1463.349976,2237.050049,72.315002,1991.449951,14324.90039
26-03-2021,1491.300049,2317.899902,76.684998,1994.650024,14507.29981
30-03-2021,1553.699951,2398.75,80,2029.300049,14845.09961
31-03-2021,1493.650024,2431.5,81.184998,2003.099976,14690.7002
01-04-2021,1486.75,2399.100098,86.305,2021.849976,14867.34961
05-04-2021,1449.599976,2373.199951,86.775002,1992.599976,14637.79981
06-04-2021,1440.25,2408.300049,86.285004,1984.300049,14683.5
07-04-2021,1447.199951,2405.25,87.485001,2002.849976,14819.04981
08-04-2021,1432.800049,2409.899902,91.839996,2005.349976,14873.79981
09-04-2021,1421.75,2476,89.949997,1982.050049,14834.84961
12-04-2021,1367.050049,2462,85.154999,1911.150024,14310.79981
13-04-2021,1400.349976,2454.399902,87.900002,1931.800049,14504.79981
15-04-2021,1430.099976,2460.649902,89.82,1944.300049,14581.4502
16-04-2021,1428.650024,2458.899902,89.025002,1932.099976,14617.84961
19-04-2021,1412.400024,2436.649902,88.805,1901.699951,14359.4502
20-04-2021,1391.400024,2397.449951,89.400002,1901.150024,14296.40039
22-04-2021,1422.5,2349.399902,92.139999,1906.400024,14406.15039
23-04-2021,1414.150024,2307.75,92.559998,1904.349976,14341.34961
26-04-2021,1404.800049,2360.649902,94.074997,1937.849976,14485
27-04-2021,1438.699951,2379.850098,97.775002,1988.650024,14653.04981
28-04-2021,1476.800049,2406.550049,97.139999,1997.300049,14864.54981
29-04-2021,1472.5,2407.600098,103.135002,2024.050049,14894.90039
30-04-2021,1412.300049,2353.75,103.400002,1994.5,14631.09961
03-05-2021,1414.449951,2408,106.474998,1959.050049,14634.15039
04-05-2021,1388.349976,2407.649902,106.385002,1916.599976,14496.5
05-05-2021,1402.599976,2394.649902,107.014999,1920.099976,14617.84961
06-05-2021,1400.900024,2390,110.089996,1931,14724.79981
07-05-2021,1414.75,2411.199951,118.235001,1931.75,14823.15039
10-05-2021,1419.849976,2432.899902,121.635002,1926.199951,14942.34961
11-05-2021,1403.550049,2402.100098,123.389999,1933.150024,14850.75
12-05-2021,1399.5,2328.949951,117.915001,1913.150024,14696.5
14-05-2021,1386.849976,2376.850098,113.209999,1937.300049,14677.79981
17-05-2021,1440.25,2376.25,115.084999,1960.349976,14923.15039
18-05-2021,1476.699951,2374.25,118,1987.949951,15108.09961
19-05-2021,1458.199951,2359.75,116.425003,1997.050049,15030.15039
20-05-2021,1432.800049,2344.149902,110.504997,1985.400024,14906.04981
21-05-2021,1497.300049,2362.25,111.309998,2002.550049,15175.29981
24-05-2021,1509.949951,2336.550049,109.199997,1985.650024,15197.7002
25-05-2021,1478.949951,2344.050049,110.519997,1963.150024,15208.4502
26-05-2021,1477.050049,2354,108.214996,1970.050049,15301.4502
27-05-2021,1482.650024,2326.399902,109.665001,1976.099976,15337.84961
28-05-2021,1503.449951,2321.699951,110.349998,2094.800049,15435.65039
31-05-2021,1515.849976,2340.050049,112.565002,2160.300049,15582.79981
01-06-2021,1511.699951,2358.300049,110.089996,2168.899902,15574.84961
02-06-2021,1504,2358.800049,112.404999,2201.25,15576.2002
03-06-2021,1520.550049,2363.25,112.199997,2209.649902,15690.34961
04-06-2021,1500.949951,2342.050049,112.07,2190.5,15670.25
07-06-2021,1499.849976,2339.300049,112.870003,2227.399902,15751.65039
08-06-2021,1483.050049,2359,111.110001,2214.600098,15740.09961
09-06-2021,1480.300049,2356,110.099998,2175,15635.34961
10-06-2021,1481.050049,2378.800049,111.445,2183,15737.75
11-06-2021,1486.349976,2366.5,115.834999,2213.149902,15799.34961
14-06-2021,1479.449951,2364.600098,116.480003,2244.899902,15811.84961
15-06-2021,1490.25,2391.949951,117.43,2250,15869.25
16-06-2021,1484.599976,2407.899902,114.214996,2211.600098,15767.54981
17-06-2021,1466.099976,2417.699951,110.375,2215.649902,15691.40039
18-06-2021,1479.800049,2482.899902,109.230003,2225.649902,15683.34961
21-06-2021,1488.699951,2514.350098,110.614998,2237.25,15746.5
22-06-2021,1483.800049,2490.25,111.230003,2225.75,15772.75
23-06-2021,1485.5,2480.5,110.010002,2205.350098,15686.9502
24-06-2021,1506.25,2490.149902,111.315002,2153.5,15790.4502
25-06-2021,1515.099976,2448.649902,116.525002,2104.449951,15860.34961
28-06-2021,1508.349976,2460.199951,118.400002,2086,15814.7002
29-06-2021,1502.050049,2492.550049,117.254997,2087.800049,15748.4502
30-06-2021,1497.900024,2471.300049,116.660004,2110.649902,15721.5
01-07-2021,1486.75,2478,116.355003,2097.949951,15680
02-07-2021,1480.400024,2487.300049,113.599998,2129.050049,15722.2002
05-07-2021,1495.449951,2499.050049,115.684998,2150.199951,15834.34961
06-07-2021,1534.699951,2472.5,116.724998,2124.800049,15818.25
07-07-2021,1539.5,2481.649902,121.864998,2110.050049,15879.65039
08-07-2021,1520.449951,2447.550049,118.974998,2092.600098,15727.90039
09-07-2021,1502,2451.449951,123.934998,2071.199951,15689.79981
12-07-2021,1487,2444.149902,122.695,2084.100098,15692.59961
13-07-2021,1501.849976,2436.699951,122.875,2099.699951,15812.34961
14-07-2021,1499.150024,2414.850098,124.470001,2086,15853.9502
15-07-2021,1520.699951,2412.350098,125.595001,2082.350098,15924.2002
16-07-2021,1522.349976,2417.399902,127.845001,2112.399902,15923.40039
19-07-2021,1471,2408.649902,126.639999,2098.949951,15752.40039
20-07-2021,1443.150024,2434.899902,123.334999,2093.800049,15632.09961
22-07-2021,1448.699951,2378.149902,127.300003,2120.699951,15824.04981
23-07-2021,1442.75,2358.100098,128.139999,2105.699951,15856.04981
26-07-2021,1434.550049,2348.699951,129.794998,2076.850098,15824.4502
27-07-2021,1439.75,2342.399902,133.065002,2055,15746.4502
28-07-2021,1417.300049,2361.399902,136.5,2037.349976,15709.40039
29-07-2021,1418.25,2334.75,145.860001,2053.25,15778.4502
30-07-2021,1426.449951,2333.300049,143.429993,2035.300049,15763.04981
02-08-2021,1422.650024,2332.800049,141.005005,2072.5,15885.15039
03-08-2021,1434.699951,2386.850098,140.720001,2087.75,16130.75
04-08-2021,1465.300049,2377.100098,141.619995,2103.75,16258.79981
05-08-2021,1484.849976,2357.699951,144.660004,2134.25,16294.59961
06-08-2021,1492.650024,2371.5,142.884995,2089.050049,16238.2002
09-08-2021,1503.900024,2384.5,141.220001,2077.149902,16258.25
10-08-2021,1507.650024,2381.800049,137.360001,2088.050049,16280.09961
11-08-2021,1494.949951,2390.449951,142.619995,2117.300049,16282.25
12-08-2021,1501.400024,2392.300049,143.535004,2110.5,16364.40039
13-08-2021,1526.199951,2404.5,146.164993,2145.649902,16529.09961
16-08-2021,1530.599976,2426.399902,151.940002,2173.5,16563.05078
17-08-2021,1514.650024,2483.800049,150.369995,2164.25,16614.59961
18-08-2021,1513,2486.050049,150.044998,2172.649902,16568.84961
20-08-2021,1514.75,2619.399902,137.559998,2148.25,16450.5
23-08-2021,1524.599976,2634.149902,135.865005,2162.350098,16496.44922
24-08-2021,1558.849976,2633,140.464996,2183.699951,16624.59961
25-08-2021,1557.400024,2645,139.020004,2202.600098,16634.65039
26-08-2021,1554.800049,2666.399902,137.505005,2230.449951,16636.90039
27-08-2021,1548.449951,2677.949951,138.414993,2227.399902,16705.19922
30-08-2021,1568.25,2687.699951,144.059998,2270.25,16931.05078
31-08-2021,1581.400024,2724.100098,145.024994,2258.149902,17132.19922
01-09-2021,1579.099976,2732.899902,141.119995,2267.100098,17076.25
02-09-2021,1589,2801.050049,142.509995,2294.399902,17234.15039
03-09-2021,1576.050049,2766.699951,144.365005,2388.5,17323.59961
06-09-2021,1565.699951,2780.600098,143.699997,2425.600098,17377.80078
07-09-2021,1569.25,2777.699951,142.869995,2440.899902,17362.09961
08-09-2021,1576.400024,2800.899902,142.985001,2431.350098,17353.5
09-09-2021,1568.599976,2810.649902,144.699997,2425.600098,17369.25
13-09-2021,1555.550049,2786.350098,146.345001,2371.550049,17355.30078
14-09-2021,1548.550049,2762.550049,145.229996,2368.449951,17380
15-09-2021,1546.800049,2775.449951,145.509995,2378.300049,17519.44922
16-09-2021,1559.949951,2768.25,143.675003,2428.199951,17629.5
17-09-2021,1582.150024,2722.25,138.589996,2390.550049,17585.15039
20-09-2021,1559.849976,2800.350098,125.309998,2394.350098,17396.90039
21-09-2021,1551.949951,2812.449951,129.220001,2404.699951,17562
22-09-2021,1533.699951,2784.5,130.580002,2430.5,17546.65039
23-09-2021,1570,2782.300049,131.869995,2489.899902,17822.94922
24-09-2021,1601.550049,2746.649902,127.209999,2482.699951,17853.19922
27-09-2021,1625.099976,2709.5,127.050003,2524.449951,17855.09961
28-09-2021,1615.050049,2723.850098,128.095001,2548.050049,17748.59961
29-09-2021,1593.849976,2685.300049,129.554993,2527.850098,17711.30078
30-09-2021,1594.949951,2701.800049,128.889999,2519.25,17618.15039
01-10-2021,1582.699951,2704.050049,129.785004,2523.699951,17532.05078
04-10-2021,1585.75,2686.199951,132.414993,2556.149902,17691.25
05-10-2021,1595.449951,2708.649902,131.684998,2609.199951,17822.30078
06-10-2021,1614.900024,2686.050049,127.989998,2559.850098,17646
07-10-2021,1610.5,2669.399902,128.919998,2572.399902,17790.34961
08-10-2021,1602.650024,2640.050049,130.115005,2671.25,17895.19922
11-10-2021,1633.800049,2645.100098,131.320007,2652.649902,17945.94922
12-10-2021,1629.599976,2676.149902,132.910004,2667.800049,17991.94922
13-10-2021,1639.400024,2646.75,135.429993,2694.949951,18161.75
14-10-2021,1687.400024,2649.550049,137.505005,2700.399902,18338.55078
18-10-2021,1670.300049,2654,141.104996,2707.600098,18477.05078
19-10-2021,1688.699951,2546.800049,136.690002,2731.850098,18418.75
20-10-2021,1673.849976,2478.649902,134.330002,2700.399902,18266.59961
21-10-2021,1676.300049,2445.75,131.470001,2622.5,18178.09961
22-10-2021,1680.75,2454.100098,129.625,2627.399902,18114.90039
25-10-2021,1657,2455.850098,129.330002,2601.800049,18125.40039
26-10-2021,1652.75,2436.850098,134.365005,2661.050049,18268.40039
27-10-2021,1642.800049,2396.600098,132.615005,2627.399902,18210.94922
28-10-2021,1593.599976,2389.649902,129.960007,2598.600098,17857.25
29-10-2021,1582.849976,2393.149902,131.595001,2536.25,17671.65039
01-11-2021,1605.300049,2407.100098,136.490005,2537.800049,17929.65039
02-11-2021,1606.75,2418.899902,131.365005,2500.800049,17888.94922
03-11-2021,1581.449951,2411.350098,132.604996,2483.600098,17829.19922
04-11-2021,1593.949951,2422.850098,132.589996,2498.850098,17916.80078
08-11-2021,1600.25,2431.899902,134.324997,2501.949951,18068.55078
09-11-2021,1572.25,2431.149902,133.595001,2521.699951,18044.25
10-11-2021,1555.25,2400.149902,129.854996,2549.899902,18017.19922
11-11-2021,1548.300049,2376.199951,129.960007,2554.550049,17873.59961
12-11-2021,1553,2404.949951,128.725006,2593.100098,18102.75
15-11-2021,1557.25,2424.75,124.544998,2577.800049,18109.44922
16-11-2021,1548,2406.649902,122.879997,2517.899902,17999.19922
17-11-2021,1530.800049,2391.149902,122.004997,2464,17898.65039
18-11-2021,1539.400024,2399.399902,118.660004,2473.300049,17764.80078
22-11-2021,1515.349976,2388.550049,116.504997,2363.75,17416.55078
23-11-2021,1515.550049,2394.199951,119.205002,2385.850098,17503.34961
24-11-2021,1518.050049,2374.75,117.849998,2351.399902,17415.05078
25-11-2021,1525.949951,2349.050049,117.364998,2492.949951,17536.25
26-11-2021,1489.900024,2335.100098,111.230003,2412.600098,17026.44922
29-11-2021,1501.25,2329.399902,111.474998,2441.5,17053.94922
30-11-2021,1493.550049,2317.550049,107.120003,2405.399902,16983.19922
01-12-2021,1504.650024,2344.850098,108.254997,2467,17166.90039
02-12-2021,1525.75,2383.300049,111.239998,2482.850098,17401.65039
03-12-2021,1513.550049,2343.649902,111.800003,2408.25,17196.69922
06-12-2021,1503.800049,2306.5,110.879997,2362.600098,16912.25
07-12-2021,1525.699951,2321.600098,114.879997,2381.850098,17176.69922
08-12-2021,1553.800049,2340.600098,117.300003,2418.100098,17469.75
09-12-2021,1526.849976,2339.75,117.684998,2456.449951,17516.84961
10-12-2021,1522.550049,2332.800049,118,2458.949951,17511.30078
13-12-2021,1511.150024,2304.350098,116.529999,2409.649902,17368.25
14-12-2021,1502.449951,2318.300049,116.720001,2380.149902,17324.90039
15-12-2021,1500,2320.949951,115.404999,2373.199951,17221.40039
16-12-2021,1500.099976,2309.5,115.32,2403.899902,17248.40039
17-12-2021,1473.050049,2230.25,113.209999,2340.449951,16985.19922
20-12-2021,1425.650024,2269.100098,107.294998,2277.350098,16614.19922
21-12-2021,1441.800049,2272.850098,110.510002,2311.25,16770.84961
22-12-2021,1445.199951,2277.649902,112.885002,2366.100098,16955.44922
23-12-2021,1444.099976,2300.649902,112.764999,2365.25,17072.59961
24-12-2021,1438.900024,2296.949951,111.544998,2372.800049,17003.75
27-12-2021,1450.800049,2301.399902,112.18,2370.25,17086.25
28-12-2021,1460.800049,2309.100098,112.745003,2398.399902,17233.25
29-12-2021,1453.849976,2306.850098,111.625,2402.5,17213.59961
30-12-2021,1461.5,2325.600098,110.099998,2359.100098,17203.94922
31-12-2021,1479.400024,2360.149902,111.144997,2368.149902,17354.05078
03-01-2022,1519.650024,2361.300049,114.245003,2403.850098,17625.69922
04-01-2022,1528.550049,2401.25,114.879997,2458.100098,17805.25
05-01-2022,1564.849976,2415.800049,117.760002,2469.600098,17925.25
06-01-2022,1539.75,2391.399902,116.324997,2416.5,17745.90039
07-01-2022,1550.550049,2416.149902,116.035004,2436,17812.69922
10-01-2022,1559.150024,2407.050049,116.904999,2438,18003.30078
11-01-2022,1565.900024,2403.649902,113.025002,2455.550049,18055.75
12-01-2022,1556.650024,2413.149902,114.720001,2521.100098,18212.34961
13-01-2022,1528,2414.199951,122.114998,2535.300049,18257.80078
14-01-2022,1545.150024,2363.699951,121.360001,2539,18255.75
17-01-2022,1521.5,2389.550049,122.974998,2552.25,18308.09961
18-01-2022,1529.25,2369.5,119.485001,2521.800049,18113.05078
19-01-2022,1518.449951,2309.899902,120.959999,2521.600098,17938.40039
20-01-2022,1509,2261.800049,120.669998,2477.449951,17757
21-01-2022,1521.599976,2325.399902,116.970001,2477.850098,17617.15039
24-01-2022,1486.650024,2284.600098,109.919998,2377.899902,17149.09961
25-01-2022,1488.050049,2327.25,110.910004,2373.25,17277.94922
27-01-2022,1474.949951,2295.350098,108.834999,2338.100098,17110.15039
28-01-2022,1463.25,2283.550049,108.464996,2335.850098,17101.94922
31-01-2022,1485.699951,2273.75,108.555,2386.600098,17339.84961
01-02-2022,1497,2305.649902,116.735001,2378.699951,17576.84961
02-02-2022,1531.199951,2327.899902,116.75,2383.550049,17780
03-02-2022,1515.349976,2298.149902,116.660004,2352.75,17560.19922
04-02-2022,1524,2306.600098,117.629997,2331.300049,17516.30078
07-02-2022,1468.150024,2257.600098,118.300003,2317.100098,17213.59961
08-02-2022,1461.849976,2264.350098,121.959999,2356.050049,17266.75
09-02-2022,1497.599976,2277.649902,122.235001,2383.5,17463.80078
10-02-2022,1525.099976,2283.149902,124.834999,2381.050049,17605.84961
11-02-2022,1518.849976,2258,125.445,2376.399902,17374.75
14-02-2022,1473.699951,2228.550049,118.684998,2338.550049,16842.80078
15-02-2022,1517.800049,2290.100098,120.775002,2417.949951,17352.44922
16-02-2022,1515.75,2286.5,119.18,2412.949951,17322.19922
17-02-2022,1506.5,2307.550049,119.095001,2443.5,17304.59961
18-02-2022,1512.349976,2312.550049,119.080002,2424.399902,17276.30078
21-02-2022,1522.099976,2294.800049,118.184998,2399.899902,17206.65039
22-02-2022,1510.699951,2269.949951,113.870003,2389,17092.19922
23-02-2022,1500.900024,2260.399902,113.900002,2374.050049,17063.25
24-02-2022,1419.400024,2171.399902,107.400002,2255.75,16247.9502
25-02-2022,1456.099976,2170.699951,114.535004,2283.949951,16658.40039
28-02-2022,1426.25,2172.100098,122.074997,2359.550049,16793.90039
02-03-2022,1374.25,2149.100098,128.934998,2398.550049,16605.94922
03-03-2022,1371,2091,130.330002,2378.300049,16498.05078
04-03-2022,1366.5,2019.5,127.709999,2325.550049,16245.34961
07-03-2022,1324.800049,1943.949951,129.190002,2239.550049,15863.15039
08-03-2022,1327.800049,1949,126.949997,2235.5,16013.4502
09-03-2022,1371.150024,1997.900024,125.535004,2354.100098,16345.34961
10-03-2022,1392.699951,2101.949951,130.869995,2392.25,16594.90039
11-03-2022,1396.800049,2094.399902,130.169998,2399.149902,16630.44922
14-03-2022,1442.550049,2059.300049,129.699997,2418.850098,16871.30078
15-03-2022,1424,2038.199951,123.375,2363.449951,16663
16-03-2022,1448.150024,2072.149902,126.525002,2403.350098,16975.34961
17-03-2022,1480.050049,2102.050049,130.345001,2481.699951,17287.05078
21-03-2022,1486.5,2051.199951,130.294998,2467.399902,17117.59961
22-03-2022,1494.150024,1993.5,130.199997,2531.149902,17315.5
23-03-2022,1479.25,1978.550049,133.100006,2539.199951,17245.65039
24-03-2022,1442.650024,1965.900024,135.054993,2578.649902,17222.75
25-03-2022,1430.900024,1953,133.895004,2595.850098,17153
28-03-2022,1432.800049,1975.099976,133.895004,2621.949951,17222
29-03-2022,1451.800049,1987.050049,133.464996,2622.550049,17325.30078
30-03-2022,1476.949951,2015.900024,130.804993,2672.949951,17498.25
31-03-2022,1470.349976,2048.649902,130.720001,2634.75,17464.75
01-04-2022,1506,2078.149902,131.710007,2655.850098,17670.44922
04-04-2022,1656.800049,2128.449951,134.190002,2663.699951,18053.40039
05-04-2022,1608.25,2139.800049,134.490005,2626.050049,17957.40039
06-04-2022,1550.849976,2142.050049,137.074997,2619.050049,17807.65039
07-04-2022,1516.75,2164.800049,134.949997,2572.850098,17639.55078
08-04-2022,1514.650024,2183.050049,137.074997,2615.649902,17784.34961
11-04-2022,1496.150024,2163.050049,135.789993,2610.199951,17674.94922
12-04-2022,1493.5,2132.25,132.024994,2561.050049,17530.30078
13-04-2022,1464.949951,2152.149902,131.949997,2551.649902,17475.65039
18-04-2022,1395.449951,2177.649902,133.910004,2543.850098,17173.65039
19-04-2022,1342.199951,2113.050049,132.660004,2640.800049,16958.65039
20-04-2022,1354.300049,2164.949951,131.425003,2718.449951,17136.55078
21-04-2022,1374.349976,2197.949951,130.214996,2782.100098,17392.59961
22-04-2022,1355.599976,2126.949951,127.754997,2758.800049,17171.94922
25-04-2022,1365.75,2100.75,122.035004,2695,16953.94922
26-04-2022,1372.050049,2148.350098,123.360001,2775.649902,17200.80078
27-04-2022,1372.550049,2145.100098,124.669998,2778.350098,17038.40039
28-04-2022,1371.349976,2241.850098,126.084999,2819.850098,17245.05078
29-04-2022,1384.599976,2234.850098,127.105003,2790.25,17102.55078
02-05-2022,1403.699951,2230.5,129.520004,2780.449951,17069.09961
04-05-2022,1356,2171.550049,126.135002,2693.649902,16677.59961
05-05-2022,1352.949951,2166.600098,128.425003,2640.899902,16682.65039
06-05-2022,1317.599976,2149.199951,128.369995,2620.649902,16411.25
09-05-2022,1319.849976,2116.649902,125.224998,2518.300049,16301.84961
10-05-2022,1341.050049,2180.399902,116.489998,2474.649902,16240.04981
11-05-2022,1348.599976,2163.5,116.57,2449.300049,16167.09961
12-05-2022,1303.050049,2138.800049,111.769997,2399.399902,15808
13-05-2022,1291.349976,2194.100098,109.699997,2426.600098,15782.15039
16-05-2022,1305.099976,2217.25,110.349998,2427.199951,15842.29981
17-05-2022,1314,2245,118.870003,2529.149902,16259.29981
18-05-2022,1313.900024,2291.399902,118.025002,2538.350098,16240.29981
19-05-2022,1287.050049,2264.550049,112.214996,2479.850098,15809.40039
20-05-2022,1320.949951,2325.949951,117.059998,2624.449951,16266.15039
23-05-2022,1304,2379.800049,102.294998,2606.899902,16214.7002
24-05-2022,1318.949951,2309.649902,100.635002,2615.850098,16125.15039
25-05-2022,1328.800049,2298.699951,99.910004,2612,16025.79981
26-05-2022,1366.699951,2280.199951,105.199997,2587.100098,16170.15039
27-05-2022,1392.050049,2330.600098,104.349998,2575.100098,16352.4502
30-05-2022,1401.550049,2348.949951,104.745003,2664.800049,16661.40039
31-05-2022,1388.949951,2353.25,105.565002,2632.649902,16584.55078
01-06-2022,1394.849976,2308.449951,106.355003,2633.5,16522.75
02-06-2022,1385.099976,2284.800049,108.154999,2724.300049,16628
03-06-2022,1380.300049,2291.949951,106.730003,2779.5,16584.30078
06-06-2022,1378.449951,2280.5,107.809998,2767.550049,16569.55078
07-06-2022,1362.599976,2211.600098,106.849998,2772.75,16416.34961
08-06-2022,1367.400024,2197.050049,108.675003,2724.050049,16356.25
09-06-2022,1377.699951,2197.699951,104.485001,2798.75,16478.09961
10-06-2022,1351.099976,2199.899902,102.370003,2714.25,16201.79981
13-06-2022,1326.599976,2196.899902,99.195,2662.899902,15774.40039
14-06-2022,1312,2171,99.614998,2628.100098,15732.09961
15-06-2022,1307.449951,2146.550049,95.955002,2596.300049,15692.15039
16-06-2022,1281.300049,2146.699951,90.169998,2560,15360.59961
17-06-2022,1289.75,2110.449951,90.669998,2590,15293.5
20-06-2022,1322.150024,2195.899902,86.139999,2543.050049,15350.15039
21-06-2022,1336.550049,2205,88.480003,2584.100098,15638.79981
22-06-2022,1330.25,2202.850098,83.809998,2505.600098,15413.29981
23-06-2022,1335.150024,2252.600098,84.129997,2464.949951,15556.65039
24-06-2022,1353.800049,2303.899902,85.285004,2500.050049,15699.25
27-06-2022,1356.25,2320.649902,86.785004,2492.649902,15832.04981
28-06-2022,1345.900024,2317.649902,87.889999,2527.699951,15850.2002
29-06-2022,1343.949951,2233.449951,88.160004,2580.149902,15799.09961
30-06-2022,1348,2230.600098,86.705002,2595.649902,15780.25
01-07-2022,1353.75,2282.350098,87.285004,2408.699951,15752.04981
04-07-2022,1355.650024,2375.199951,85.455002,2413.699951,15835.34961
05-07-2022,1352.599976,2401.5,86.014999,2433.25,15810.84961
06-07-2022,1371.25,2498.399902,85.815002,2411.850098,15989.79981
07-07-2022,1395.800049,2472.949951,90,2388.100098,16132.90039
08-07-2022,1397.099976,2496.850098,88.589996,2391.399902,16220.59961
11-07-2022,1406.150024,2490.600098,91.275002,2423.899902,16216
12-07-2022,1391.800049,2449.550049,90.209999,2420.449951,16058.29981
13-07-2022,1357.849976,2497.75,90.485001,2377.550049,15966.65039
14-07-2022,1351.050049,2497.800049,90.800003,2397.149902,15938.65039
15-07-2022,1362.050049,2568.5,88.379997,2401.800049,16049.2002
18-07-2022,1347.550049,2553.5,90.43,2422.25,16278.5
19-07-2022,1348.050049,2567.949951,91.945,2437.100098,16340.54981
20-07-2022,1365.050049,2604.5,92.845001,2503,16520.84961
21-07-2022,1360.75,2607.449951,93.43,2486.300049,16605.25
22-07-2022,1392.5,2640.600098,93.605003,2503.100098,16719.44922
25-07-2022,1396.599976,2623.600098,96.07,2420.399902,16631
26-07-2022,1393.75,2547.100098,94.949997,2421.5,16483.84961
27-07-2022,1404.400024,2581.949951,95.940002,2419.199951,16641.80078
28-07-2022,1416.849976,2620.100098,100.349998,2457.100098,16929.59961
29-07-2022,1434.199951,2637.399902,107.599998,2509.449951,17158.25
01-08-2022,1446.150024,2593,108.25,2574.850098,17340.05078
02-08-2022,1430.25,2635.25,107,2584.649902,17345.44922
03-08-2022,1433.599976,2626.350098,107.050003,2606.350098,17388.15039
04-08-2022,1431.900024,2627.949951,107.699997,2571.899902,17382
05-08-2022,1427.050049,2645.399902,107.349998,2534,17397.5
08-08-2022,1462.050049,2650.350098,107.199997,2567.149902,17525.09961
10-08-2022,1466.300049,2642.800049,109.199997,2582.5,17534.75
11-08-2022,1485.699951,2613.699951,109.099998,2591.100098,17659
12-08-2022,1485.150024,2594.949951,112.650002,2633,17698.15039
16-08-2022,1502.150024,2644.5,113,2651.300049,17825.25
17-08-2022,1509.900024,2684.649902,112.5,2665.149902,17944.25
18-08-2022,1511.699951,2682.050049,112.550003,2661.300049,17956.5
19-08-2022,1493.050049,2634.550049,110.050003,2613.850098,17758.44922
22-08-2022,1470.349976,2626.699951,105.050003,2606.600098,17490.69922
23-08-2022,1465.800049,2592.75,107.599998,2646.800049,17577.5
24-08-2022,1472.849976,2588.25,106.550003,2639.75,17604.94922
25-08-2022,1464.849976,2574.199951,106.25,2632.050049,17522.44922
26-08-2022,1465.099976,2571.550049,107.349998,2618,17558.90039
29-08-2022,1439.400024,2575.800049,104.849998,2597.649902,17312.90039
30-08-2022,1486.099976,2659.850098,108.300003,2637.949951,17759.30078
01-09-2022,1472.150024,2606,106.400002,2560.399902,17542.80078
02-09-2022,1485.5,2603.600098,105.5,2530.5,17539.44922
05-09-2022,1495.050049,2600.600098,106.900002,2569.800049,17665.80078
06-09-2022,1489.349976,2573.100098,108.599998,2596.850098,17655.59961
07-09-2022,1482.300049,2564.600098,107.599998,2581.75,17624.40039
08-09-2022,1497.599976,2577.149902,105.849998,2585.399902,17798.75
09-09-2022,1498.599976,2588.699951,105.699997,2569.300049,17833.34961
12-09-2022,1493.550049,2580.399902,107.75,2598.050049,17936.34961
13-09-2022,1513.099976,2586.600098,107.75,2619.75,18070.05078
14-09-2022,1528.650024,2571.399902,109.150002,2588.350098,18003.75
15-09-2022,1520.699951,2560.399902,107,2562.699951,17877.40039
16-09-2022,1492.75,2528.149902,105.699997,2499.199951,17530.84961
19-09-2022,1502.599976,2579.25,103.099998,2502.449951,17622.25
20-09-2022,1520.699951,2583.550049,105.800003,2502.850098,17816.25
21-09-2022,1518.349976,2623.600098,104.449997,2509.75,17718.34961
22-09-2022,1486,2692.75,103.599998,2486.100098,17629.80078
23-09-2022,1446.150024,2682.050049,104.300003,2439.5,17327.34961
26-09-2022,1426.650024,2660.550049,99.849998,2377.350098,17016.30078
27-09-2022,1413.849976,2679.25,97.650002,2396.25,17007.40039
28-09-2022,1389.550049,2702.100098,95.199997,2332.449951,16858.59961
29-09-2022,1382.349976,2700.550049,96.849998,2325.300049,16818.09961
30-09-2022,1421.349976,2696.449951,99.300003,2377.75,17094.34961
03-10-2022,1413.199951,2622.5,98.349998,2369.5,16887.34961
04-10-2022,1453,2667.949951,101.150002,2413.199951,17274.30078
06-10-2022,1437,2614,103.550003,2422.100098,17331.80078
07-10-2022,1430.800049,2599.699951,103.300003,2432.350098,17314.65039
10-10-2022,1415,2605.600098,103.199997,2405.800049,17241
11-10-2022,1400.650024,2550.649902,100.349998,2357.899902,16983.55078
12-10-2022,1409.800049,2591.350098,100.550003,2375.25,17123.59961
13-10-2022,1393.599976,2566.399902,100.099998,2382.800049,17014.34961
14-10-2022,1439,2575.800049,100.099998,2370.699951,17185.69922
17-10-2022,1446.550049,2590.550049,99.550003,2408.75,17311.80078
18-10-2022,1443.849976,2602.25,100.650002,2451.25,17486.94922
19-10-2022,1458.650024,2583,100.050003,2493.899902,17512.25
20-10-2022,1448.800049,2600.899902,100.900002,2500.600098,17563.94922
21-10-2022,1438.599976,2653.899902,100.199997,2471.600098,17576.30078
24-10-2022,1461.050049,2573.100098,101.199997,2479.850098,17730.75
25-10-2022,1450.900024,2505.399902,101.199997,2441.550049,17656.34961
27-10-2022,1454.400024,2519,104.199997,2451.149902,17736.94922
28-10-2022,1458.699951,2524.25,101.599998,2526.149902,17786.80078
31-10-2022,1496.699951,2550.699951,101.550003,2549.600098,18012.19922
01-11-2022,1513.25,2551.800049,101.199997,2529.850098,18145.40039
02-11-2022,1514.199951,2518.300049,101.25,2545.649902,18082.84961
03-11-2022,1507.550049,2546.350098,102,2555.149902,18052.69922
04-11-2022,1497.150024,2520.350098,104.75,2592.75,18117.15039
07-11-2022,1508.800049,2532.800049,106.699997,2606.600098,18202.80078
09-11-2022,1508.349976,2508.800049,106.099998,2604,18157
10-11-2022,1524.75,2513.600098,104.699997,2572.5,18028.19922
11-11-2022,1611.150024,2503.050049,107.550003,2631.800049,18349.69922
14-11-2022,1615.050049,2457.800049,108.699997,2619.050049,18329.15039
15-11-2022,1619,2457.5,108.550003,2607.300049,18403.40039
16-11-2022,1632.900024,2477.850098,106.550003,2592.350098,18409.65039
17-11-2022,1618.150024,2460,105.849998,2599.050049,18343.90039
18-11-2022,1613.900024,2483.699951,105.5,2597.649902,18307.65039
21-11-2022,1597.349976,2501.399902,104.25,2550.899902,18159.94922
22-11-2022,1595,2515.699951,105.199997,2565.050049,18244.19922
23-11-2022,1599.150024,2507.350098,105.449997,2557.050049,18267.25
24-11-2022,1625.150024,2549.149902,105.5,2579.100098,18484.09961
25-11-2022,1617.650024,2537.449951,106.199997,2617.600098,18512.75
28-11-2022,1600.25,2525.199951,104.900002,2707.550049,18562.75
29-11-2022,1597.849976,2634.199951,106.099998,2712.199951,18618.05078
30-11-2022,1608.449951,2684.350098,107.650002,2731.350098,18758.34961
01-12-2022,1619.5,2662.850098,110.75,2723.300049,18812.5
02-12-2022,1607.099976,2615.100098,112,2722.149902,18696.09961
05-12-2022,1612.949951,2619.850098,115.849998,2682.449951,18701.05078
06-12-2022,1611.150024,2654.550049,112.949997,2690.199951,18642.75
07-12-2022,1610.449951,2707.350098,111.199997,2650.5,18560.5
08-12-2022,1619.5,2705.449951,111.849998,2649.25,18609.34961
09-12-2022,1631.050049,2722.25,110.449997,2609.100098,18496.59961
12-12-2022,1643.75,2717.25,111.699997,2613.100098,18497.15039
13-12-2022,1648.300049,2710.300049,111.199997,2625,18608
14-12-2022,1662.25,2684.649902,113.050003,2615.5,18660.30078
15-12-2022,1631.800049,2663.25,110.949997,2578.350098,18414.90039
16-12-2022,1639.650024,2671.300049,111.050003,2565.600098,18269
19-12-2022,1644.75,2718.100098,111.800003,2599.300049,18420.44922
20-12-2022,1633.400024,2674.550049,110.949997,2621.800049,18385.30078
21-12-2022,1617.599976,2666.199951,109.400002,2584.5,18199.09961
22-12-2022,1612.050049,2645.350098,107.650002,2577.800049,18127.34961
23-12-2022,1597.650024,2621.100098,102.25,2502.199951,17806.80078
26-12-2022,1629.449951,2617.449951,105,2524.050049,18014.59961
27-12-2022,1631.099976,2593.25,111.150002,2544.699951,18132.30078
28-12-2022,1629.800049,2583.600098,110,2544.449951,18122.5
29-12-2022,1641.300049,2568.050049,111.75,2543.300049,18191
30-12-2022,1628.150024,2561.050049,112.650002,2547.199951,18105.30078
02-01-2023,1628.699951,2558.399902,119.25,2575.899902,18197.44922
03-01-2023,1639.349976,2542.050049,118.449997,2557.050049,18232.55078
04-01-2023,1610.050049,2536.100098,115.75,2518.550049,18042.94922
05-01-2023,1599.699951,2583.699951,116.550003,2514.050049,17992.15039
06-01-2023,1594.400024,2576.449951,115.650002,2536.899902,17859.44922
09-01-2023,1597.5,2624.050049,117.550003,2596.800049,18101.19922
10-01-2023,1568.300049,2643.850098,118.849998,2558.399902,17914.15039
11-01-2023,1590.900024,2593.25,118.849998,2526.149902,17895.69922
12-01-2023,1599.400024,2590.050049,118.099998,2471.600098,17858.19922
13-01-2023,1600.650024,2624,120.449997,2467.600098,17956.59961
16-01-2023,1585.300049,2597.100098,119.949997,2444.100098,17894.84961
17-01-2023,1608.900024,2667.550049,119.349998,2478.800049,18053.30078
18-01-2023,1637.300049,2686.199951,122.449997,2474.699951,18165.34961
19-01-2023,1644.099976,2649.75,123.550003,2472.050049,18107.84961
20-01-2023,1660.949951,2548.75,122.949997,2442.649902,18027.65039
23-01-2023,1673.099976,2596.399902,122,2430.300049,18118.55078
24-01-2023,1695.5,2600.5,120.400002,2415.949951,18118.30078
25-01-2023,1648.650024,2622.350098,121,2382.550049,17891.94922
27-01-2023,1615.800049,2612.149902,120.650002,2337.350098,17604.34961
30-01-2023,1614.150024,2568.149902,118.75,2359.75,17648.94922
31-01-2023,1603.5,2576.75,119.699997,2353.850098,17662.15039
01-02-2023,1627.550049,2574.25,122.050003,2339.899902,17616.30078
02-02-2023,1603.349976,2634.850098,119.949997,2326.949951,17610.40039
03-02-2023,1658.800049,2648.75,120.349998,2329,17854.05078
06-02-2023,1651.75,2637.600098,117.449997,2311.449951,17764.59961
07-02-2023,1654.199951,2601.199951,111.449997,2305.899902,17721.5
08-02-2023,1654,2582.800049,111.449997,2351.949951,17871.69922
09-02-2023,1650.550049,2586.699951,111.25,2356.050049,17893.44922
10-02-2023,1657.099976,2577.5,108.800003,2336.649902,17856.5
13-02-2023,1658.349976,2581,108.75,2323.350098,17770.90039
14-02-2023,1673.699951,2579.600098,109.25,2378.100098,17929.84961
15-02-2023,1670.300049,2548.449951,110.300003,2431.949951,18015.84961
16-02-2023,1664.25,2527.100098,112,2430.050049,18035.84961
17-02-2023,1655.900024,2515.5,112.25,2440.199951,17944.19922
20-02-2023,1640.349976,2511.449951,112.349998,2414.399902,17844.59961
21-02-2023,1646.5,2516.149902,113.150002,2434.100098,17826.69922
22-02-2023,1614.199951,2494.050049,111.150002,2378.899902,17554.30078
23-02-2023,1603.25,2490.649902,112.050003,2367.5,17511.25
24-02-2023,1588.949951,2484.199951,109.75,2383.699951,17465.80078
27-02-2023,1592.900024,2468.149902,106.099998,2367.850098,17392.69922
28-02-2023,1599.599976,2460.649902,103.949997,2322.550049,17303.94922
01-03-2023,1598.050049,2466.25,105.5,2343.899902,17450.90039
02-03-2023,1584.449951,2455.350098,104.650002,2326.050049,17321.90039
03-03-2023,1615.900024,2471,107,2385.399902,17594.34961
06-03-2023,1627.300049,2484.850098,105.650002,2408.699951,17711.44922
08-03-2023,1630.550049,2485.100098,106.5,2417.350098,17754.40039
09-03-2023,1630.699951,2461.399902,108.199997,2359.25,17589.59961
10-03-2023,1588.650024,2465.449951,108.099998,2322.699951,17412.90039
13-03-2023,1568.550049,2455.100098,106.800003,2284.5,17154.30078
14-03-2023,1564.349976,2442.449951,106.400002,2275.949951,17043.30078
15-03-2023,1541.900024,2406.100098,108.650002,2237.050049,16972.15039
16-03-2023,1551.900024,2459.350098,105.050003,2225.899902,16985.59961
17-03-2023,1572.650024,2447.399902,107,2223.100098,17100.05078
20-03-2023,1561.75,2511.199951,104.5,2201.25,16988.40039
21-03-2023,1579.449951,2462.600098,104.75,2269.699951,17107.5
22-03-2023,1575.800049,2476.350098,104.800003,2276.600098,17151.90039
23-03-2023,1563.150024,2485.100098,104.900002,2247.800049,17076.90039
24-03-2023,1560.650024,2480.800049,102.099998,2203.300049,16945.05078
27-03-2023,1567.449951,2499,102.300003,2237.550049,16985.69922
28-03-2023,1580.199951,2482.800049,102.5,2248,16951.69922
29-03-2023,1587.800049,2530.850098,103.599998,2234.699951,17080.69922
31-03-2023,1609.550049,2560.350098,104.5,2331.050049,17359.75
03-04-2023,1610.550049,2536.100098,104.099998,2331.449951,17398.05078
05-04-2023,1653.75,2582.75,104.849998,2325.850098,17557.05078
06-04-2023,1666.349976,2565.25,104.349998,2341.449951,17599.15039
10-04-2023,1658.449951,2532.149902,104.949997,2324.850098,17624.05078
11-04-2023,1663.300049,2547.75,107.550003,2336.350098,17722.30078
12-04-2023,1684.900024,2528.949951,107.599998,2346.649902,17812.40039
13-04-2023,1692.449951,2536.199951,107.5,2355.5,17828
17-04-2023,1666.650024,2551.850098,107.150002,2367.449951,17706.84961
18-04-2023,1659.599976,2541.050049,107.599998,2340.350098,17660.15039
19-04-2023,1665.699951,2531.600098,108.099998,2352,17618.75
20-04-2023,1671.900024,2492.600098,108,2346.050049,17624.44922
21-04-2023,1674.599976,2497.949951,106.150002,2349,17624.05078
24-04-2023,1688.150024,2499.75,106.5,2358,17743.40039
25-04-2023,1664.150024,2490.449951,107.050003,2376.050049,17769.25
26-04-2023,1671.800049,2510.800049,106.849998,2362.100098,17813.59961
27-04-2023,1681,2468.949951,107.650002,2377.050049,17915.05078
28-04-2023,1687.599976,2457.300049,107.949997,2420.5,18065
02-05-2023,1687.25,2451.699951,110.300003,2441.050049,18147.65039
03-05-2023,1693.150024,2486,109.699997,2420.100098,18089.84961
04-05-2023,1727.800049,2506.75,111.050003,2448,18255.80078
05-05-2023,1625.650024,2500.75,108.650002,2441.75,18069
08-05-2023,1644.449951,2516.300049,109.550003,2471.899902,18264.40039
09-05-2023,1644.5,2515.800049,109.550003,2479.550049,18265.94922
10-05-2023,1652.099976,2522.699951,109.25,2496.600098,18315.09961
11-05-2023,1653.199951,2592.399902,108.550003,2480.300049,18297
12-05-2023,1667.800049,2623.399902,106.75,2484.350098,18314.80078
15-05-2023,1675.800049,2662.25,107.699997,2489.25,18398.84961
16-05-2023,1647.300049,2675.899902,107.400002,2453.800049,18286.5
17-05-2023,1638.449951,2661.75,106,2439.300049,18181.75
18-05-2023,1645,2627.550049,105.199997,2434.050049,18129.94922
19-05-2023,1646.900024,2641.449951,104.650002,2441.949951,18203.40039
22-05-2023,1641.050049,2638.100098,105,2455,18314.40039
23-05-2023,1637.199951,2628.300049,105.599998,2454.550049,18348
24-05-2023,1615.800049,2614.949951,105.199997,2440.25,18285.40039
25-05-2023,1609.599976,2597.25,104.849998,2439.949951,18321.15039
26-05-2023,1615.800049,2652.350098,106.400002,2506.5,18499.34961
29-05-2023,1635.5,2650.300049,108.449997,2520.600098,18598.65039
30-05-2023,1636.75,2656.550049,107.050003,2519.949951,18633.84961
31-05-2023,1610.849976,2667.550049,105.800003,2469.899902,18534.40039
01-06-2023,1604,2697.899902,105.949997,2463.25,18487.75
02-06-2023,1606.5,2716.699951,108,2455.199951,18534.09961
05-06-2023,1604.400024,2695.800049,109.400002,2477.25,18593.84961
06-06-2023,1599.400024,2691.149902,109,2479.350098,18599
07-06-2023,1607.699951,2716.199951,111.5,2498.149902,18726.40039
08-06-2023,1608.699951,2679.899902,111.150002,2499.649902,18634.55078
09-06-2023,1610.599976,2636.199951,108.900002,2481.949951,18563.40039
12-06-2023,1600.800049,2643.449951,109.5,2484.149902,18601.5
13-06-2023,1603.5,2675.899902,111.150002,2520.850098,18716.15039
14-06-2023,1601.75,2698.75,113.800003,2551.850098,18755.90039
15-06-2023,1582.050049,2689.699951,113.75,2552.550049,18688.09961
16-06-2023,1602.75,2715.649902,114.25,2577.399902,18826
19-06-2023,1604.150024,2683.25,114.099998,2551.800049,18755.44922
20-06-2023,1607.5,2676.100098,114.25,2557.100098,18816.69922
21-06-2023,1635.599976,2676.600098,113.900002,2564.300049,18856.84961
22-06-2023,1643.599976,2654.350098,111.099998,2535.5,18771.25
23-06-2023,1643.5,2641.600098,109.599998,2514.75,18665.5
26-06-2023,1635.550049,2652.100098,109.849998,2495.550049,18691.19922
27-06-2023,1658.599976,2651.350098,110.75,2496.449951,18817.40039
28-06-2023,1658.599976,2651.350098,110.75,2496.449951,18972.09961
30-06-2023,1701.400024,2678.149902,112,2550.25,19189.05078
03-07-2023,1719.800049,2701.050049,113.099998,2615.699951,19322.55078
04-07-2023,1728.199951,2700,112.400002,2588.75,19389
05-07-2023,1673.300049,2755.850098,112.949997,2584.5,19398.5
06-07-2023,1675,2757.100098,112.650002,2638.75,19497.30078
07-07-2023,1660.400024,2698.100098,111.599998,2633.600098,19331.80078
10-07-2023,1656.449951,2656.550049,115.300003,2735.050049,19355.90039
11-07-2023,1648.400024,2684.5,115.150002,2764.699951,19439.40039
12-07-2023,1632.949951,2673.649902,114.699997,2767.75,19384.30078
13-07-2023,1641.099976,2654.699951,114.849998,2743,19413.75
14-07-2023,1644.5,2676.899902,117.150002,2740.699951,19564.5
17-07-2023,1678.900024,2681.699951,117.75,2796.699951,19711.44922
18-07-2023,1677.5,2682.800049,116.599998,2820.449951,19749.25
19-07-2023,1685.099976,2671.600098,116.699997,2841.850098,19833.15039
20-07-2023,1688.75,2703.25,116.949997,2619.850098,19979.15039
21-07-2023,1675.75,2604,116.599998,2538.75,19745
24-07-2023,1678.400024,2580.25,115.5,2487.399902,19672.34961
25-07-2023,1696.599976,2568.149902,119.25,2485.800049,19680.59961
26-07-2023,1690.699951,2583.300049,119.949997,2526.199951,19778.30078
